,imdb_rating,imdb_total_votes,title,release_year,original_language,overview,budget,genres,release_date,revenue,runtime,spoken_languages,tmdb_rating,tmdb_total_votes,production_companies,production_countries,Watched,directors,writers
0,8.1,60549,The Battle of Algiers,1966,it,Tracing the struggle of the Algerian Front de Liberation Nationale to gain freedom from French colonial rule as seen through the eyes of Ali from his start as a petty thief to his rise to prominence in the organisation and capture by the French in 1957. The film traces the rebels' struggle and the increasingly extreme measures taken by the French government to quell the revolt.,800000.0,"['Drama', ' War', ' History']",1966-09-08,964028.0,121.0,"['en', ' ar', ' fr']",7.9,560.0,"['Igor Film', ' Casbah Film']","['IT', ' DZ']",0,Gillo Pontecorvo,
1,7.7,543920,Ex Machina,2014,en,"Caleb, a coder at the world's largest internet company, wins a competition to spend a week at a private mountain retreat belonging to Nathan, the reclusive CEO of the company. But when Caleb arrives at the remote location he finds that he will have to participate in a strange and fascinating experiment in which he must interact with the world's first true artificial intelligence, housed in the body of a beautiful robot girl.",15000000.0,"['Drama', ' Science Fiction']",2015-01-21,36869414.0,108.0,['en'],7.568,11649.0,"['DNA Films', ' Universal Pictures International (UPI)', ' Film4 Productions', ' IAC Films']","['GB', ' US']",0,Alex Garland,Alex Garland
2,7.7,73525,Badlands,1973,en,An impressionable teenage girl from a dead-end town and her older greaser boyfriend embark on a killing spree in the South Dakota badlands.,450000.0,"['Drama', ' Crime']",1973-10-15,0.0,94.0,"['en', ' fr']",7.567,959.0,"['Warner Bros. Pictures', ' Pressman-Williams', ' Jill Jakes Production', ' Badlands Company']",['US'],0,Terrence Malick,Terrence Malick
3,7.0,46585,Holy Motors,2012,fr,"We follow 24 hours in the life of a being moving from life to life like a cold and solitary assassin moving from hit to hit. In each of these interwoven lives, the being possesses an entirely distinct identity: sometimes a man, sometimes a woman, sometimes youthful, sometimes old. By turns murderer, beggar, company chairman, monstrous creature, worker, family man.",4000000.0,"['Drama', ' Fantasy']",2012-07-02,641100.0,115.0,['fr'],7.055,953.0,"['ARTE France Cinéma', ' Canal+', ' Pandora Film', ' Angoa-Agicoa', ' CNC', ' PROCIREP', ' Medienboard Berlin-Brandenburg', ' MEDIA Programme of the European Union', ' Wild Bunch', ' WDR/Arte', ' La Région Île-de-France', ' Soficinéma 8', ' Pierre Grise Productions', ' Théo Films']","['BE', ' FR', ' DE']",0,Leos Carax,Leos Carax
4,7.2,213,Russian Ark,2002,en,"Making of Russian Ark, with on camera personal views by members of the cast and crew of the major film.",0.0,['Documentary'],2003-01-01,0.0,44.0,,6.9,7.0,,,0,Knut Elstermann,Knut Elstermann
5,7.8,141516,Boyz n the Hood,1991,en,Boyz n the Hood is the popular and successful film and social criticism from John Singleton about the conditions in South Central Los Angeles where teenagers are involved in gun fights and drug dealing on a daily basis.,6500000.0,"['Crime', ' Drama']",1991-07-12,57504069.0,112.0,['en'],7.587,1564.0,['Columbia Pictures'],['US'],0,John Singleton,John Singleton
6,7.7,70760,Happiness,1998,en,"The lives of many individuals connected by the desire for happiness, often from sources usually considered dark or evil.",3000000.0,"['Comedy', ' Drama']",1998-10-16,2807390.0,139.0,"['ru', ' en']",7.5,637.0,"['Killer Films', ' Good Machine']",['US'],0,Todd Solondz,Todd Solondz
7,7.2,46471,Che: Part One,2008,en,"The Argentine, begins as Che and a band of Cuban exiles (led by Fidel Castro) reach the Cuban shore from Mexico in 1956. Within two years, they mobilized popular support and an army and toppled the U.S.-friendly regime of dictator Fulgencio Batista.",30000000.0,"['Drama', ' History', ' War']",2008-09-05,0.0,134.0,"['en', ' es']",6.825,624.0,"['Section Eight', ' Wild Bunch', ' Telecinco Cinema', ' Laura Bickford Productions', ' Morena Films', ' Ministerio de Cultura', ' Guerrilla Films']","['FR', ' MX', ' ES', ' US']",0,Steven Soderbergh,
8,7.0,25665,Alphaville,1965,fr,"An American private-eye arrives in Alphaville, a futuristic city on another planet which is ruled by an evil scientist named Von Braun, who has outlawed love and self-expression.",220000.0,"['Drama', ' Science Fiction', ' Mystery']",1965-05-05,0.0,100.0,['fr'],6.9,409.0,"['Filmstudio', ' Athos Films', ' Chaumiane', ' André Michelin Productions']","['IT', ' FR']",0,Jean-Luc Godard,
9,7.9,227543,True Romance,1993,en,"Clarence marries hooker Alabama, steals cocaine from her pimp, and tries to sell it in Hollywood, while the owners of the coke try to reclaim it.",12500000.0,"['Action', ' Crime', ' Romance']",1993-09-09,12600000.0,120.0,"['en', ' it']",7.545,2232.0,"['Davis Films', ' August Entertainment', ' Morgan Creek Productions']",['US'],0,Tony Scott,
10,7.3,5608,The Masters of Time,1982,fr,"On planet Perdide, an attack of giant hornets leaves Piel – a young boy – alone in a wrecked car with his dying father. A mayday message reaches their friend Jaffar, an adventurer travelling through space. On board Jaffar’s shuttle are the renegade Prince Matton, his fiancée, and Silbad who knows the planet Perdide well. Thus begins an incredible race across space to save Piel.",0.0,"['Animation', ' Drama', ' Science Fiction', ' Mystery']",1982-03-24,0.0,75.0,['fr'],7.479,120.0,"['WDR', ' TF1 Films Production', ' Télécip', ' BBC', ' Hungarofilm', ' SRG SSR', ' RTS', ' Südwestfunk (SWF)', ' Pannónia Filmstúdió']","['FR', ' DE', ' HU', ' CH', ' GB']",0,René Laloux,
11,8.2,8840,The Ascent,1977,ru,"Two Soviet partisans leave their starving band to get supplies from a nearby farm. The Germans have reached the farm first, so the pair must go on a journey deep into occupied territory, a voyage that will also take them deep into their souls.",0.0,"['Drama', ' War']",1977-04-02,0.0,111.0,"['de', ' ru']",7.886,145.0,"['Mosfilm', ' Tretye Tvorcheskoe Obyedinenie']",['SU'],0,Larisa Shepitko,
12,4.5,12,Shame,1968,en,"A pretty young girl arrives in New York City to make it in ""the Big Apple"", but winds up getting involved with lesbians, an escort service and the underground bondage scene.",0.0,['Drama'],1969-10-07,0.0,79.0,,0.0,0.0,,['US'],0,Joseph Jacoby,
13,8.0,34472,Cries and Whispers,1972,sv,"As Agnes slowly dies of cancer, her sisters are so deeply immersed in their own psychic pains that they can't offer her the support she needs. Maria is wracked with guilt at her husband's attempted suicide, caused by his discovery of her extramarital affair. The self-loathing, suicidal Karin seems to regard her sister with revulsion. Only Anna, the deeply religious maid who lost her young child, seems able to offer Agnes solace and empathy.",400000.0,['Drama'],1972-12-21,0.0,95.0,['sv'],8.0,560.0,"['Svenska Filminstitutet', ' Cinematograph AB']",['SE'],0,Ingmar Bergman,Ingmar Bergman
14,7.0,3612,Tokyo Fist,1995,ja,"A businessman, Tsuda, runs into a childhood friend, Tajuki, on the subway. Tajuki is working as a semiprofessional boxer. Tsuda soon begins to suspect that Tajuki might be having an affair with his fiancée Hizuru. After an altercation, Tsuda begins training rigorously himself, leading to an extremely bloody, violent confrontation.",0.0,"['Romance', ' Action', ' Drama', ' Thriller']",1995-10-21,0.0,87.0,['ja'],6.59,94.0,['Kaijyu Theater'],['JP'],0,Shin'ya Tsukamoto,
15,8.2,3206,Edvard Munch,1974,no,"A biographical film about the Norwegian Expressionist painter Edvard Munch. It was originally created as a three-part miniseries co-produced by the Norwegian and Swedish state television networks, but subsequently gained an American theatrical release in a three-hour version in 1976. The film covers about thirty years of Munch's life, focusing on the influences that shaped his art, particularly the prevalence of disease and death in his family and his youthful affair with a married woman.",0.0,"['Drama', ' History', ' TV Movie']",1974-11-12,0.0,221.0,"['en', ' fr', ' de', ' no']",7.1,52.0,"['Sveriges Radio (SR)', ' Norsk Film']","['NO', ' SE']",0,Peter Watkins,Peter Watkins
16,7.8,49396,The Man Who Would Be King,1975,en,"A robust adventure about two British adventurers who take over primitive Kafiristan as ""godlike"" rulers, meeting a tragic end through their desire for a native girl. Based on a short story by Rudyard Kipling.",8000000.0,"['Adventure', ' Drama']",1975-12-03,12678.0,129.0,['en'],7.508,492.0,"['Persky-Bright Productions', ' Devon']","['US', ' GB']",0,John Huston,
17,8.1,106690,"Paris, Texas",1984,en,"A man wanders out of the desert not knowing who he is. His brother finds him, and helps to pull his memory back of the life he led before he walked out on his family and disappeared four years earlier.",1746964.0,['Drama'],1984-08-23,2181987.0,145.0,"['es', ' en']",8.1,1354.0,"['20th Century Fox', ' Road Movies', ' WDR', ' Channel Four Films', ' Pro-ject Filmproduktion', ' Argos Films', ' Wim Wenders Stiftung']","['FR', ' DE', ' GB']",0,Wim Wenders,
18,7.3,8090,The Ax,2005,fr,"A chemist loses his job to outsourcing. Two years later and still jobless, he hits on a solution: to genuinely eliminate his competition.",0.0,"['Comedy', ' Crime', ' Drama', ' Thriller']",2005-03-02,0.0,122.0,"['fr', ' nl']",6.903,145.0,"['France 2 Cinéma', ' StudioCanal', ' RTBF', ' Les Films du Fleuve', ' Wanda Visión', ' SCOPE Pictures', ' K.G Productions']","['BE', ' FR', ' ES']",0,Costa-Gavras,
19,7.8,57656,"Aguirre, the Wrath of God",1972,de,"A few decades after the destruction of the Inca Empire, a Spanish expedition led by the infamous Aguirre leaves the mountains of Peru and goes down the Amazon River in search of the lost city of El Dorado. When great difficulties arise, Aguirre’s men start to wonder whether their quest will lead them to prosperity or certain death.",370000.0,"['Adventure', ' Drama', ' History']",1972-12-29,37041.0,95.0,"['de', ' es', ' qu']",7.544,870.0,"['Werner Herzog Filmproduktion', ' HR']","['DE', ' MX', ' PE']",0,Werner Herzog,Werner Herzog
20,7.4,1805,In the Year of the Pig,1969,en,"Both sober and sobering, producer-director Emile de Antonio’s In the Year of the Pig is a powerful and, no doubt for many, controversial documentary about the Vietnam War.",0.0,"['Documentary', ' War']",1969-02-26,0.0,101.0,['en'],7.0,19.0,['Turin Film'],['US'],0,Emile de Antonio,
21,7.6,2086,The Mattei Affair,1972,it,"Enrico Mattei helped change Italy’s future, first as freedom-fighter against the Nazis, then as an investor in methane gas through a public company, A.G.I.P., and ultimately as the head of ENI, a state body formed for the development of oil resources. On October 27, 1962, he died when his private airplane crashed during a flight to Milan. Officially, it is declared an accident, but many journalists explore other plausible reasons for Mattei's untimely death.",0.0,"['Crime', ' Drama', ' History', ' Thriller']",1972-01-26,0.0,110.0,['it'],7.456,68.0,"['Verona Produzione', ' Vides Cinematografica']",['IT'],0,Francesco Rosi,
22,7.8,58624,Days of Heaven,1978,en,"In 1916, a Chicago steel worker accidentally kills his supervisor and flees to the Texas panhandle with his girlfriend and little sister to work harvesting wheat in the fields of a stoic farmer.",0.0,"['Drama', ' Romance']",1978-09-13,0.0,94.0,"['en', ' it']",7.514,803.0,['Paramount'],['US'],0,Terrence Malick,Terrence Malick
23,7.3,23164,Reds,1981,en,"An account of the revolutionary years of the legendary American journalist John Reed, who shared his adventurous professional life with his radical commitment to the socialist revolution in Russia, his dream of spreading its principles among the members of the American working class, and his troubled romantic relationship with the writer Louise Bryant.",35000000.0,"['Drama', ' History', ' Romance']",1981-12-25,40382659.0,195.0,"['en', ' fi', ' fr', ' de', ' it', ' ru']",6.981,257.0,"['Paramount', ' Barclays Mercantile Industrial Finance', ' JRS Productions']",['US'],0,Warren Beatty,
24,6.8,39,Platform,2000,en,"At a windy, abandoned province station a man is waiting for a train. But something seems to be wrong; wasn't that a naked person running by? The man begins to examine the area; the tension rises up to the point, where another passenger arrives on the platform.",0.0,,2001-01-01,0.0,4.0,,0.0,0.0,,['NZ'],0,Robin Walters,Brett Ihaka
25,6.7,16068,Uncle Boonmee Who Can Recall His Past Lives,2010,th,"Suffering from acute kidney failure, Boonmee has chosen to spend his final days surrounded by his loved ones in the countryside. Surprisingly, the ghost of his deceased wife appears to care for him, and his long lost son returns home in a non-human form. Contemplating the reasons for his illness, Boonmee treks through the jungle with his family to a mysterious hilltop cave—the birthplace of his first life.",0.0,"['Drama', ' Fantasy']",2010-06-25,0.0,114.0,"['fr', ' lo', ' th']",6.634,288.0,"['Eddie Saeta', ' The Match Factory', ' ZDF/Arte', ' Hubert Bals Fund', ' Geißendörfer Film- und Fernsehproduktion (GFF)', ' Fonds Sud Cinéma', ' Illuminations Films', ' Ministère de la Culture et de la Communication', ' Office of the Contemporary Art and Culture (OCAC)', ' Kick the Machine', ' Anna Sanders Films', ' Ministère des Affaires étrangères et du Développement International', ' Foundation for Art and Creative Technology (FACT)', ' Haus der Kunst', ' World Cinema Fund', ' Animate Projects Limited', ' Ministry of Culture', ' Thailand']","['TH', ' GB', ' FR', ' DE', ' ES', ' NL']",0,Apichatpong Weerasethakul,
26,8.5,8291,The Human Condition I: No Greater Love,1959,ja,"After handing in a report on the treatment of Chinese colonial labor, Kaji is offered the post of labor chief at a large mining operation in Manchuria, which also grants him exemption from military service. He accepts, and moves to Manchuria with his newly-wed wife Michiko, but when he tries to put his ideas of more humane treatment into practice, he finds himself at odds with scheming officials, cruel foremen, and the military police.",0.0,"['War', ' Drama', ' History']",1959-01-15,0.0,206.0,"['zh', ' ja']",8.109,174.0,"['Shochiku', ' Ninjin Club']",['JP'],0,Masaki Kobayashi,
27,7.7,123920,Serpico,1973,en,"Frank Serpico is an idealistic New York City cop who refuses to take bribes, unlike the rest of the force. His actions get Frank shunned by the other officers, and often placed in dangerous situations by his partners. When his superiors ignore Frank's accusations of corruption, he decides to go public with the allegations. Although this causes the Knapp Commission to investigate his claims, Frank has also placed a target on himself.",3000000.0,"['Crime', ' History']",1973-12-18,29800000.0,130.0,"['en', ' es', ' it']",7.543,1565.0,"['Paramount', ' De Laurentiis Entertainment Group', ' Artists Entertainment Complex']","['IT', ' US']",0,Sidney Lumet,
28,7.7,40909,The Verdict,1982,en,"Frank Galvin is a down-on-his-luck lawyer and reduced to drinking and ambulance chasing, when a former associate reminds him of his obligations in a medical malpractice suit by serving it to Galvin on a silver platter—all parties are willing to settle out of court. Blundering his way through the preliminaries, Galvin suddenly realizes that the case should actually go to court—to punish the guilty, to get a decent settlement for his clients... and to restore his standing as a lawyer.",16000000.0,['Drama'],1982-12-08,53977250.0,129.0,['en'],7.425,475.0,['20th Century Fox'],['US'],0,Sidney Lumet,
29,6.2,2244,Ganja & Hess,1973,en,"After being stabbed with an ancient, germ-infested knife, a doctor finds himself with an insatiable desire for blood.",0.0,"['Drama', ' Fantasy', ' Horror']",1973-04-20,0.0,110.0,"['fr', ' en']",5.7,44.0,['Kelly/Jordan Enterprises'],['US'],0,,Bill Gunn
30,8.7,91,Morte e Vida Severina,2010,pt,"The Brazilian poem 'Morte e Vida Severina', a masterpiece of João Cabral de Melo Neto, comes to life in an animated version directed by Afonso Serpa.",0.0,['Animation'],2010-01-01,0.0,56.0,['pt'],7.7,3.0,,['BR'],0,Afonso Serpa,Afonso Serpa
31,7.6,22770,Sorry We Missed You,2019,en,"Ricky and his family have been fighting an uphill struggle against debt since the 2008 financial crash. An opportunity to wrestle back some independence appears with a shiny new van and the chance to run a franchise as a self-employed delivery driver. It's hard work, and his wife's job as a carer is no easier. The family unit is strong but when both are pulled in different directions everything comes to breaking point.",0.0,['Drama'],2019-10-04,8766149.0,100.0,['en'],7.364,580.0,"['France 2 Cinéma', ' Canal+', ' BBC Films', ' Why Not Productions', ' Wild Bunch', ' Les Films du Fleuve', ' Le Pacte', ' France Télévisions', ' Ciné+', ' VOO', ' Casa Kafka Pictures', ' Sixteen Films', ' BFI Film Fund', ' Cinéart', ' BeTV', ' Tax Shelter du Gouvernement Fédéral Belge']","['BE', ' FR', ' GB']",0,Ken Loach,Paul Laverty
32,7.5,11410,Land and Freedom,1995,en,"David Carr is a British Communist who is unemployed. In 1936, when the Spanish Civil War begins, he decides to fight for the Republican side, a coalition of liberals, communists and anarchists, so he joins the POUM militia and witnesses firsthand the betrayal of the Spanish revolution by Stalin's followers and Moscow's orders.",0.0,"['Drama', ' History', ' War', ' Romance']",1995-04-07,0.0,109.0,"['en', ' ca', ' es']",7.38,209.0,"['Road Movies', ' BIM Distribuzione', ' Filmstiftung Nordrhein-Westfalen', ' Diaphana Films', ' Eurimages', ' TVE', ' Road Movies Dritte Produktionen', ' Parallax Pictures', ' Degeto Film', ' BBC', ' Canal+ España', ' Working Title Films', ' British Screen Productions', ' Messidor Films', ' European Co-production Fund']","['FR', ' DE', ' ES', ' GB', ' IT']",0,Ken Loach,Jim Allen
33,6.8,26435,Bulworth,1998,en,A suicidally disillusioned liberal politician puts a contract out on himself and takes the opportunity to be bluntly honest with his voters by affecting the rhythms and speech of hip-hop music and culture.,30000000.0,"['Comedy', ' Drama']",1998-05-15,29202884.0,108.0,['en'],6.311,193.0,['20th Century Fox'],['US'],0,Warren Beatty,
34,6.7,128,Close-Up,1990,en,"Innovative drama mixing film and video, with a teenager obsessed with watching his late mother, killed in an auto accident, on tapes he recorded of their daily lives. The mother is seen in extreme close-up only on tape.",0.0,"['Drama', ' TV Movie']",1990-10-22,0.0,93.0,['en'],0.0,0.0,"['Bedford Falls Productions', ' MGM Television', ' Robert Greenwald Productions']",['US'],0,Peter Horton,
35,7.3,1172,A Visitor to a Museum,1989,ru,"It is the future, the world is in ruins and a large portion of the population consists of deformed mutants living in reservations. In this world a man decides to spend his vacation visiting the ruins of a museum that is now buried under the sea.",0.0,"['Drama', ' Science Fiction']",1989-12-19,0.0,128.0,['ru'],7.143,28.0,"['ZDF', ' Lenfilm', ' Tretye Tvorcheskoe Obyedinenie', ' Goskino USSR', ' CSM Filmproduktion']","['DE', ' SU', ' CH']",0,Konstantin Lopushanskiy,Konstantin Lopushanskiy
36,7.2,12327,Mother,2009,en,"The lives of three women have a commonality: adoption. Karen is a physical therapist who regrets that, as a teenager, she gave up her daughter for adoption. Elizabeth was an adopted child and is now a successful lawyer, but her personal life lacks warmth. Lucy and her husband have failed to conceive and now hope to adopt a baby to make their family complete.",7000000.0,"['Drama', ' Romance']",2009-11-07,4000000.0,125.0,['en'],6.739,119.0,"['Mockingbird Pictures', ' Everest Entertainment']","['ES', ' US']",0,Rodrigo García,Rodrigo García
37,7.9,500565,Children of Men,2006,en,"In 2027, in a chaotic world in which humans can no longer procreate, a former activist agrees to help transport a miraculously pregnant woman to a sanctuary at sea, where her child's birth may help scientists save the future of humankind.",76000000.0,"['Drama', ' Action', ' Thriller', ' Science Fiction']",2006-09-22,70595464.0,109.0,['en'],7.603,6055.0,"['Universal Pictures', ' Strike Entertainment', ' Hit & Run Productions']","['GB', ' US']",0,Alfonso Cuarón,
38,7.6,143150,Lost Highway,1997,en,"A tormented jazz musician finds himself lost in an enigmatic story involving murder, surveillance, gangsters, doppelgängers, and an impossible transformation inside a prison cell.",15000000.0,"['Drama', ' Thriller', ' Mystery']",1997-01-15,3675201.0,134.0,['en'],7.6,2071.0,"['CiBy 2000', ' October Films', ' Asymmetrical Productions', ' Lost Highway Productions']","['US', ' FR']",0,David Lynch,
39,6.8,58094,Inland Empire,2006,en,An actress’s perception of reality becomes increasingly distorted as she finds herself falling for her co-star in a remake of an unfinished Polish production that was supposedly cursed.,15000000.0,"['Drama', ' Fantasy', ' Thriller', ' Horror']",2006-09-06,4045770.0,180.0,"['en', ' pl']",7.1,874.0,"['Asymmetrical Productions', ' StudioCanal', ' Camerimage Festival', ' Absurda']","['FR', ' PL', ' US']",0,David Lynch,David Lynch
40,7.2,29604,El Topo,1970,es,"El Topo decides to confront warrior Masters on a trans-formative desert journey he begins with his 6 year old son, who must bury his childhood totems to become a man.",400000.0,"['Action', ' Adventure', ' Drama', ' Western']",1970-12-18,0.0,125.0,['es'],7.137,466.0,['Producciones Panicas'],['MX'],0,Alejandro Jodorowsky,Alejandro Jodorowsky
41,7.5,21634,Santa Sangre,1989,en,"A young man is confined in a mental hospital. Through a flashback we see that he was traumatized as a child, when he and his family were circus performers. Back in the present, he escapes and rejoins his surviving and armless mother.",787000.0,"['Horror', ' Mystery', ' Drama']",1989-11-24,0.0,123.0,"['es', ' en']",7.091,328.0,"['Produzioni Intersound', ' Productora Fílmica Real']","['IT', ' MX']",0,Alejandro Jodorowsky,
42,8.0,20531,Crumb,1994,en,"This movie chronicles the life and times of R. Crumb. Robert Crumb is the cartoonist/artist who drew Keep On Truckin', Fritz the Cat, and played a major pioneering role in the genesis of underground comix. Through interviews with his mother, two brothers, wife, and ex-girlfriends, as well as selections from his vast quantity of graphic art, we are treated to a darkly comic ride through one man's subconscious mind.",0.0,['Documentary'],1994-09-10,3174695.0,119.0,['en'],7.549,194.0,['Superior Pictures'],['US'],0,Terry Zwigoff,
43,8.0,73069,Being There,1979,en,"A simple-minded gardener named Chance has spent all his life in the Washington D.C. house of an old man. When the man dies, Chance is put out on the street with no knowledge of the world except what he has learned from television.",0.0,"['Comedy', ' Drama']",1979-12-19,30177511.0,130.0,['en'],7.625,774.0,"['United Artists', ' Lorimar Film Entertainment', ' NatWest Ventures', ' New Gold Entertainment', ' Northstar Media', ' BSB', ' CIP']","['DE', ' US']",0,Hal Ashby,
44,7.6,44410,Withnail & I,1987,en,"Two out-of-work actors -- the anxious, luckless Marwood and his acerbic, alcoholic friend, Withnail -- spend their days drifting between their squalid flat, the unemployment office and the pub. When they take a holiday ""by mistake"" at the country house of Withnail's flamboyantly gay uncle, Monty, they encounter the unpleasant side of the English countryside: tedium, terrifying locals and torrential rain.",0.0,"['Comedy', ' Drama']",1987-06-19,1544889.0,108.0,"['la', ' en']",7.401,433.0,"['Cineplex-Odeon Films', ' HandMade Films']",['GB'],0,Bruce Robinson,Bruce Robinson
45,8.5,20394,Woman in the Dunes,1964,ja,An entomologist suffers extreme psychological and sexual torture after being taken captive by the residents of a poor seaside village.,0.0,"['Drama', ' Thriller']",1964-02-15,0.0,147.0,['ja'],8.272,307.0,"['Toho', ' Teshigahara Productions']",['JP'],0,Hiroshi Teshigahara,
46,7.2,226392,The Descent,2005,en,"After a tragic accident, six friends reunite for a caving expedition. Their adventure soon goes horribly wrong when a collapse traps them deep underground and they find themselves pursued by bloodthirsty creatures. As their friendships deteriorate, they find themselves in a desperate struggle to survive the creatures and each other.",3500000.0,"['Adventure', ' Horror']",2005-07-08,57130027.0,99.0,['en'],6.956,3171.0,"['Celador Films', ' Pathé', ' Northmen Productions']",['GB'],0,Neil Marshall,Neil Marshall
47,8.6,4819,The Fifth Seal,1976,hu,"In Budapest in 1944; a watchmaker, a bookseller, and a carpenter are drinking in a bar with the owner when they are joined by a stranger. The watchmaker asks a hypothetical question that will change their lives.",0.0,"['Drama', ' War']",1976-10-07,0.0,106.0,['hu'],8.083,48.0,"['Mafilm', ' Budapest Filmstúdió']",['HU'],0,Zoltán Fábri,
48,7.5,38544,"The Cook, the Thief, His Wife & Her Lover",1989,en,The wife of an abusive criminal finds solace in the arms of a kind regular guest in her husband's restaurant.,2300000.0,"['Crime', ' Drama']",1989-10-13,7724701.0,124.0,['en'],7.365,480.0,"['Elsevira', ' Erbograph Co.', ' Vendex']","['FR', ' NL', ' GB']",0,Peter Greenaway,Peter Greenaway
49,7.3,32930,Possession,1981,fr,"A young woman left her family for an unspecified reason. The husband determines to find out the truth and starts following his wife. At first, he suspects that a man is involved. But gradually, he finds out more and more strange behaviors and bizarre incidents that indicate something more than a possessed love affair.",0.0,['Horror'],1981-05-27,1158473.0,124.0,"['en', ' fr', ' de']",7.4,756.0,"['Gaumont', ' Oliane Productions', ' Marianne Productions']","['FR', ' DE']",0,Andrzej Zulawski,
50,7.9,12992,Eternity and a Day,1998,el,"Alexander, a famous writer, is very ill and has only a few days to live. He meets a little boy on the street, who is an illegal immigrant from Albania. Alexander then takes the boy home.",0.0,['Drama'],1998-10-23,0.0,133.0,"['en', ' el', ' it']",7.661,115.0,"['WDR', ' Canal+', ' ARTE', ' Paradis Films', ' Istituto Luce Cinecittà', ' Eurimages', ' Greek Film Centre', ' EPT', ' La Sept Cinéma', ' Intermédias', ' Theo Angelopoulos Films', ' Classic']","['FR', ' DE', ' GR', ' IT']",0,Theodoros Angelopoulos,
51,7.9,5435,Marketa Lazarová,1967,cs,"Mikolás and his brother Adam end up with a young German hostage of noble blood during a robbery. While their clan prepares for the wrath of the German king, Mikolás is sent to pressure his neighbor Lazar into a defense pact. Persuasion fails and he abducts Lazar's daughter Marketa on the eve of her initiation as a nun in an act of vengeance.",0.0,"['Drama', ' History']",1967-11-24,0.0,166.0,"['cs', ' de']",7.856,111.0,['Filmové studio Barrandov'],['XC'],0,Frantisek Vlácil,
52,8.1,339334,The Deer Hunter,1978,en,"A group of working-class friends decide to enlist in the Army during the Vietnam War and finds it to be hellish chaos -- not the noble venture they imagined. Before they left, Steven married his pregnant girlfriend -- and Michael and Nick were in love with the same woman. But all three are different men upon their return.",15000000.0,"['Drama', ' War']",1978-03-09,50000000.0,183.0,"['en', ' fr', ' ru', ' vi']",8.016,3087.0,"['Universal Pictures', ' EMI Films']","['GB', ' US']",0,Michael Cimino,
53,7.6,422973,Moneyball,2011,en,"The story of Oakland Athletics general manager Billy Beane's successful attempt to put together a baseball team on a budget, by employing computer-generated analysis to draft his players.",50000000.0,['Drama'],2011-09-23,110206216.0,134.0,['en'],7.242,4211.0,"['Columbia Pictures', ' Scott Rudin Productions', ' Sidney Kimmel Entertainment', ' Specialty Films', ' Michael De Luca Productions']",['US'],0,Bennett Miller,
54,7.9,32623,Hiroshima Mon Amour,1959,fr,"The deep conversation between a Japanese architect and a French actress forms the basis of this celebrated French film, considered one of the vanguard productions of the French New Wave. Set in Hiroshima after the end of World War II, the couple -- lovers turned friends -- recount, over many hours, previous romances and life experiences. The two intertwine their stories about the past with pondering the devastation wrought by the atomic bomb dropped on the city.",0.0,"['Drama', ' History', ' Romance']",1959-06-10,3193.0,92.0,"['en', ' fr', ' ja']",7.829,625.0,"['Pathé Entertainment', ' Daiei Film', ' Argos Films', ' Como Films', ' Pathé Overseas']","['FR', ' JP']",0,Alain Resnais,Marguerite Duras
55,8.3,157635,Double Indemnity,1944,en,"A rich woman and a calculating insurance agent plot to kill her unsuspecting husband after he signs a double indemnity policy. Against a backdrop of distinctly Californian settings, the partners in crime plan the perfect murder to collect the insurance, which pays double if the death is accidental.",927262.0,"['Crime', ' Drama', ' Mystery', ' Thriller']",1944-06-14,2500000.0,107.0,['en'],8.1,1434.0,['Paramount'],['US'],0,Billy Wilder,
56,7.3,2295,The Third Part of the Night,1971,pl,"Set during the Nazi occupation of Poland, in which Michal witnesses the murder of his mother, wife and child. He is hurled into a life that literally is not his own; a surreal world littered with trapdoors, doppelgängers and wormholes. It also tells the true untold story of a Nazi vaccine laboratory where Jews and members of the resistance were “employed” as feeders for parasites infected with typhus.",0.0,"['Horror', ' History', ' War', ' Thriller']",1971-12-17,0.0,102.0,['pl'],6.804,51.0,['Polski State Film'],['PL'],0,Andrzej Zulawski,
57,7.9,11744,Mishima: A Life in Four Chapters,1985,en,"A fictional account of the life of Japanese author Yukio Mishima told in four parts. The first three parts relate events in three of his novels: The Temple of the Golden Pavilion, Kyoko's House, and Runaway Horses. The last part depicts the events of 25th November 1970.",5000000.0,['Drama'],1985-05-15,502758.0,121.0,"['en', ' ja']",7.8,203.0,"['Lucasfilm Ltd.', ' American Zoetrope', ' Tristone Entertainment Inc.', ' M Company']","['JP', ' US']",0,Paul Schrader,
58,7.1,19337,The Parallax View,1974,en,An ambitious reporter gets in trouble while investigating a senator's assassination which leads to a vast conspiracy involving a multinational corporation behind every event in the world's headlines.,0.0,"['Crime', ' Drama', ' Thriller']",1974-06-14,0.0,102.0,['en'],6.792,224.0,"['Paramount', ' Doubleday Productions', ' Gus', ' Harbor Productions']",['US'],0,Alan J. Pakula,
59,7.8,112603,The Conversation,1974,en,"Surveillance expert Harry Caul is hired by a mysterious client's brusque aide to tail a young couple. Tracking the pair through San Francisco's Union Square, Caul and his associate Stan manage to record a cryptic conversation between them. Tormented by memories of a previous case that ended badly, Caul becomes obsessed with the resulting tape, trying to determine if the couple is in danger.",1600000.0,"['Crime', ' Drama', ' Mystery']",1974-04-07,4420000.0,113.0,['en'],7.559,1333.0,"['Paramount', ' The Coppola Company', ' The Directors Company']",['US'],0,Francis Ford Coppola,Francis Ford Coppola
60,7.8,596984,The Hateful Eight,2015,en,Bounty hunters seek shelter from a raging blizzard and get caught up in a plot of betrayal and deception.,44000000.0,"['Drama', ' Mystery', ' Western']",2015-12-25,155760117.0,188.0,"['es', ' en']",7.7,12487.0,"['Double Feature Films', ' The Weinstein Company', ' FilmColony']",['US'],0,Quentin Tarantino,Quentin Tarantino
61,6.6,93100,Nymphomaniac: Vol. II,2013,en,The continuation of Joe's sexually dictated life delves into the darker aspects of her adult life and what led to her being in Seligman's care.,0.0,"['Drama', ' Mystery']",2013-12-25,4934725.0,124.0,['en'],6.8,2522.0,"['Zentropa Entertainments', ' ARTE France Cinéma']","['DE', ' BE', ' DK', ' FR', ' GB', ' SE']",0,Lars von Trier,Lars von Trier
62,8.2,176295,Dial M for Murder,1954,en,"An ex-tennis pro carries out a plot to have his wife murdered after discovering she is having an affair, and assumes she will soon leave him for the other man anyway. When things go wrong, he improvises a new plan—to frame her for murder instead.",1400000.0,"['Crime', ' Thriller']",1954-05-29,3000000.0,105.0,['en'],8.026,2096.0,['Warner Bros. Pictures'],['US'],0,Alfred Hitchcock,Frederick Knott
63,8.1,25508,A Woman Under the Influence,1974,en,"Mabel Longhetti, desperate and lonely, is married to a Los Angeles municipal construction worker, Nick. Increasingly unstable, especially in the company of others, she craves happiness, but her extremely volatile behavior convinces Nick that she poses a danger to their family and decides to commit her to an institution for six months. Alone with a trio of kids to raise on his own, he awaits her return, which holds more than a few surprises.",0.0,['Drama'],1974-09-19,0.0,155.0,"['en', ' it']",7.804,355.0,['Faces International Films'],['US'],0,John Cassavetes,John Cassavetes
64,7.6,22940,Pickpocket,1959,fr,"Michel takes up pickpocketing on a lark and is arrested soon after. His mother dies shortly after his release, and despite the objections of his only friend, Jacques, and his mother's neighbor Jeanne, Michel teams up with a couple of petty thieves in order to improve his craft. With a police inspector keeping an eye on him, Michel also tries to get a straight job, but the temptation to steal is hard to resist.",0.0,"['Crime', ' Drama']",1959-12-16,0.0,75.0,['fr'],7.327,382.0,['Lux Compagnie Cinématographique de France'],['FR'],0,Robert Bresson,Robert Bresson
65,7.8,20536,Au Hasard Balthazar,1966,fr,"The story of a donkey Balthazar as he is passed from owner to owner, some kind and some cruel but all with motivations beyond his understanding. Balthazar, whose life parallels that of his first keeper, Marie, is truly a beast of burden, suffering the sins of humankind. But despite his powerlessness, he accepts his fate nobly.",0.0,['Drama'],1966-05-25,39388.0,96.0,"['fr', ' la']",7.63,331.0,"['Svenska Filminstitutet', ' Argos Films', ' SF Studios', ' Parc Film']","['FR', ' SE']",0,Robert Bresson,Robert Bresson
66,8.3,33267,Pather Panchali,1955,bn,"Impoverished priest Harihar Ray, dreaming of a better life for himself and his family, leaves his rural Bengal village in search of work.",0.0,['Drama'],1955-08-26,536364.0,125.0,['bn'],8.091,291.0,['Government of West Bengal'],['IN'],0,Satyajit Ray,
67,7.5,1849,Patriotism,1966,ja,Two characters on a Noh stage dramatize the rite of love and death of Lieutenant Shinji Takeyama and his wife Reiko.,0.0,"['Drama', ' Romance']",1966-04-12,0.0,30.0,"['ja', ' xx']",6.988,43.0,"['Toho', ' Art Theatre Guild']",['JP'],0,,Yukio Mishima
68,8.2,37717,To Be or Not to Be,1942,en,"During the Nazi occupation of Poland, an acting troupe becomes embroiled in a Polish soldier's efforts to track down a German spy.",1200000.0,"['Comedy', ' War']",1942-03-05,1500000.0,99.0,"['en', ' de']",7.9,531.0,['United Artists'],['US'],0,Ernst Lubitsch,
69,8.5,260673,Cinema Paradiso,1988,it,"A filmmaker recalls his childhood, when he fell in love with the movies at his village's theater and formed a deep friendship with the theater's projectionist.",5000000.0,"['Drama', ' Romance']",1988-11-17,11990401.0,124.0,['it'],8.458,3509.0,"['TF1 Films Production', ' RAI', ' Les Films Ariane', ' Cristaldifilm', ' Forum Picture']","['FR', ' IT']",0,Giuseppe Tornatore,
70,7.6,1044,The Man Who Stole the Sun,1979,ja,"A high school science teacher is the butt of all his students' jokes, until their bus is hijacked on a school trip. But something more sinister lurks beneath the surface: he's building an atomic bomb in his apartment.",0.0,"['Comedy', ' Crime', ' Thriller', ' Action', ' Science Fiction']",1979-10-06,0.0,147.0,['ja'],7.1,27.0,"['Kitty Films', ' Tristone Entertainment Inc.']",['JP'],0,Kazuhiko Hasegawa,
71,8.2,9650,I Am Cuba,1964,es,Four vignettes about the lives of the Cuban people set during the pre-revolutionary era.,0.0,['Drama'],1964-10-26,0.0,140.0,"['en', ' es']",7.81,150.0,"['Mosfilm', ' ICAIC']","['CU', ' SU']",0,Mikhail Kalatozov,
72,8.0,66812,Anatomy of a Murder,1959,en,"Semi-retired Michigan lawyer Paul Biegler takes the case of Army Lt. Manion, who murdered a local innkeeper after his wife claimed that he raped her. Over the course of an extensive trial, Biegler parries with District Attorney Lodwick and out-of-town prosecutor Claude Dancer to set his client free, but his case rests on the victim's mysterious business partner, who's hiding a dark secret.",2000000.0,"['Crime', ' Drama', ' Mystery', ' Thriller']",1959-07-01,8000000.0,161.0,"['en', ' it']",7.9,756.0,['Columbia Pictures'],['US'],0,Otto Preminger,
73,8.3,3411,The Given Word,1962,pt,"Zé is a very poor man whose most prized possession is his donkey. When his donkey falls terminally ill, Zé makes a promise to Saint Bárbara: If his donkey recovers, he will carry a cross - like Jesus - all the way from his city to Saint Bárbara's church, in the state capital. Upon the recover of his donkey, Zé leaves on his journey. He makes it to the church, but the priest refuses to accept the cross once he discovers the context of Zé's promise.",0.0,['Drama'],1962-04-17,0.0,98.0,['pt'],8.1,88.0,['Cinedistri'],['BR'],0,Anselmo Duarte,
74,8.2,29972,Dersu Uzala,1975,ru,"A military explorer meets and befriends a Goldi man in Russia’s unmapped forests. A deep and abiding bond evolves between the two men, one civilized in the usual sense, the other at home in the glacial Siberian woods.",4000000.0,"['Action', ' Adventure', ' Drama']",1975-08-02,0.0,141.0,['ru'],8.1,386.0,"['Mosfilm', ' Daiei Film', ' Atelier 41']","['JP', ' SU']",0,Akira Kurosawa,
75,6.6,8923,The Funeral,1996,en,The story concerns the funeral of one of three brothers in a family of gangsters that lived in New York in 1930s. Details of the past of the brothers and their families are shown through a series of flashbacks.,12500000.0,['Crime'],1996-01-26,1227324.0,99.0,"['it', ' en']",6.856,132.0,['C&P Productions'],['US'],0,Abel Ferrara,Nicholas St. John
76,7.8,11123,Sans Soleil,1983,fr,"""He wrote me..."" A woman narrates the thoughts of a world traveler, meditations on time and memory expressed in words and images from places as far-flung as Japan, Guinea-Bissau, Iceland, and San Francisco.",0.0,['Documentary'],1983-02-15,30878.0,100.0,['fr'],7.479,192.0,['Argos Films'],['FR'],0,Chris Marker,Chris Marker
77,7.9,219044,Carlito's Way,1993,en,"A Puerto-Rican ex-con, just released from prison, pledges to stay away from drugs and violence despite the pressure around him, and lead a better life outside NYC.",30000000.0,"['Crime', ' Thriller', ' Drama']",1993-11-10,63848322.0,144.0,"['en', ' es']",7.8,2630.0,"['Universal Pictures', ' Epic Productions', ' Bregman/Baer Productions']",['US'],0,Brian De Palma,
78,7.3,409728,Borat: Cultural Learnings of America for Make Benefit Glorious Nation of Kazakhstan,2006,en,"Kazakh journalist Borat Sagdiyev travels to America to make a documentary. As he zigzags across the nation, Borat meets real people in real situations with hysterical consequences. His backwards behavior generates strong reactions around him exposing prejudices and hypocrisies in American culture.",18000000.0,['Comedy'],2006-11-01,262552893.0,84.0,"['en', ' he', ' hy', ' pl', ' ro']",6.736,4552.0,"['20th Century Fox', ' Dune Entertainment', ' Major Studio Partners', ' Everyman Pictures', ' One America', ' Four by Two Films']","['GB', ' US']",0,Larry Charles,
79,7.8,74040,The White Ribbon,2009,de,"Strange events happen in a small village in the north of Germany during the years just before World War I, which seem to be ritual punishment. The abused and suppressed children of the villagers seem to be at the heart of this mystery.",21555450.0,"['Drama', ' Mystery']",2009-09-24,11652157.0,144.0,"['de', ' it', ' la', ' pl']",7.506,851.0,"['X Filme Creative Pool', ' Les Films du Losange', ' wega film vienna', ' Lucky Red']","['AT', ' CA', ' FR', ' DE', ' IT']",0,Michael Haneke,Michael Haneke
80,7.5,92283,"Synecdoche, New York",2008,en,"A theater director struggles with his work, and the women in his life, as he attempts to create a life-size replica of New York inside a warehouse as part of his new play.",20000000.0,['Drama'],2008-10-24,4383538.0,124.0,"['en', ' de']",7.655,1151.0,"['Likely Story', ' Projective Testing Service']",['US'],0,Charlie Kaufman,Charlie Kaufman
81,6.9,46887,Dragged Across Concrete,2018,en,"Two policemen, one an old-timer, the other his volatile younger partner, find themselves suspended when a video of their strong-arm tactics becomes the media's cause du jour. Low on cash and with no other options, these two embittered soldiers descend into the criminal underworld to gain their just due, but instead find far more than they wanted awaiting them in the shadows.",15000000.0,"['Crime', ' Action', ' Thriller']",2018-09-03,660132.0,159.0,"['en', ' es']",6.569,764.0,"['Unified Pictures', ' The Fyzz', ' Look to the Sky Films', ' Cinestate', ' Moot Point (Dragged) Productions', ' Realmbuilders Productions', ' Victory Square Technologies']","['CA', ' US']",0,S. Craig Zahler,S. Craig Zahler
82,7.2,23662,Red Rocket,2021,en,"Finding himself down and out in Los Angeles, ex porn star Mikey Saber decides to crawl back to his hometown of Texas City, Texas, where his estranged wife and mother-in-law are living. Just as this dysfunctional family seems to be making things work, Mikey meets a young woman named Strawberry working the cash register at a local doughnut shop.",1100000.0,"['Comedy', ' Drama']",2021-12-10,2200000.0,130.0,['en'],6.78,236.0,"['FilmNation Entertainment', ' Cre Film']",['US'],0,Sean Baker,
83,7.6,579,Men and Women,1964,pt,"Two friends take two prostitutes for a night of pleasure. But the night turns out to be frustrating for all involved, as much bitterness is revealed in their conversation and attitudes, uncovering their anguish and deeper feelings, and the emptiness of their lives.",0.0,['Drama'],1964-06-19,0.0,93.0,['pt'],7.2,20.0,"['Companhia Cinematográfica Vera Cruz', ' Kamera Filmes']",['BR'],0,Walter Hugo Khouri,Walter Hugo Khouri
84,7.2,89265,Angel Heart,1987,en,"Down-and-out private detective Harry Angel is ordered by the mysterious Louis Cyphre to go on a mission to find a missing person. His routine failure soon leads to a bloody spar with himself, as he goes on a supernatural journey into his own soul.",17000000.0,"['Horror', ' Mystery']",1987-03-06,17186348.0,113.0,"['en', ' fr']",7.109,1222.0,"['Carolco Pictures', ' TriStar Pictures', ' Winkast Film Productions', ' Union']","['CA', ' GB', ' US']",0,Alan Parker,
85,7.4,216004,The Lighthouse,2019,en,Two lighthouse keepers try to maintain their sanity while living on a remote and mysterious New England island in the 1890s.,11000000.0,"['Drama', ' Fantasy', ' Thriller', ' Horror']",2019-10-18,18123239.0,109.0,['en'],7.528,3754.0,"['Parts and Labor', ' New Regency Pictures', ' RT Features', ' A24', ' Maiden Voyage Pictures']","['BR', ' CA', ' US']",0,Robert Eggers,
86,7.3,542,Farewell to the Ark,1984,ja,"A surreal, isolated village sees its inhabitants gradually leave behind their mutual traditions and superstitions as they leave for the city. Among them are two cousins who love each other and who get into a quarrel with other villagers.",0.0,"['Fantasy', ' Mystery', ' Romance']",1984-09-08,0.0,127.0,['ja'],7.0,16.0,['Art Theatre Guild'],['JP'],0,Shûji Terayama,
87,8.1,23853,Army of Shadows,1969,fr,"Betrayed by an informant, Philippe Gerbier finds himself trapped in a torturous Nazi prison camp. Though Gerbier escapes to rejoin the Resistance in occupied Marseilles, France, and exacts his revenge on the informant, he must continue a quiet, seemingly endless battle against the Nazis in an atmosphere of tension, paranoia and distrust.",0.0,"['War', ' Drama', ' Thriller']",1969-09-10,741766.0,145.0,"['de', ' en', ' fr']",7.947,496.0,"['Fono Roma', ' Les Films Corona']","['FR', ' IT']",0,Jean-Pierre Melville,
88,8.0,16062,Threads,1984,en,"Documentary style account of a nuclear holocaust and its effect on the working class city of Sheffield, England; and the eventual long run effects of nuclear war on civilization.",420000.0,"['War', ' Drama', ' Science Fiction']",1984-09-23,0.0,117.0,"['en', ' ru']",7.663,212.0,"['BBC', ' Nine Network Australia', ' Western-World Television Inc.']",['GB'],0,Mick Jackson,Barry Hines
89,8.1,160060,Network,1976,en,"When veteran anchorman Howard Beale is forced to retire his 25-year post because of his age, he announces to viewers that he will kill himself during his farewell broadcast. Network executives rethink their decision when his fanatical tirade results in a spike in ratings.",3800000.0,['Drama'],1976-11-14,23689877.0,122.0,['en'],7.863,1360.0,"['Metro-Goldwyn-Mayer', ' United Artists']",['US'],0,Sidney Lumet,Paddy Chayefsky
90,8.1,168225,Barry Lyndon,1975,en,"An Irish rogue uses his cunning and wit to work his way up the social classes of 18th century England, transforming himself from the humble Redmond Barry into the noble Barry Lyndon.",11000000.0,"['Drama', ' Romance', ' War']",1975-11-26,198992.0,185.0,"['de', ' fr', ' en']",7.998,2316.0,"['Hawk Films', ' Warner Bros. Pictures', ' Peregrine']","['GB', ' US']",0,Stanley Kubrick,
91,8.4,45167,High and Low,1963,ja,An executive of a shoe company becomes a victim of extortion when his chauffeur's son is kidnapped and held for ransom.,250000.0,"['Crime', ' Drama', ' Mystery', ' Thriller']",1963-03-01,0.0,142.0,['ja'],8.331,635.0,"['Toho', ' Kurosawa Production']",['JP'],0,Akira Kurosawa,
92,8.2,68738,Searching for Sugar Man,2012,en,"Two South Africans set out to discover what happened to their unlikely musical hero, the mysterious 1970s rock 'n' roller, Rodriguez. The film won Best Documentary at the 85th Academy Awards.",1000000.0,"['Music', ' Documentary']",2012-06-30,3696196.0,85.0,['en'],7.845,757.0,"['Passion Pictures', ' Red Box Films', ' Canfield Pictures']","['FI', ' ZA', ' SE', ' GB', ' US']",0,Malik Bendjelloul,
93,6.8,30992,The Brood,1979,en,"A man tries to uncover an unconventional psychologist's therapy techniques on his institutionalized wife, while a series of brutal attacks committed by a brood of mutant children coincides with the husband's investigation.",1355000.0,"['Horror', ' Science Fiction']",1979-05-25,5000000.0,92.0,['en'],6.718,554.0,"['New World Pictures', ' Canadian Film Development Corporation (CFDC)', ' Victor Solnicki Productions', ' Elgin International Films']",['CA'],0,David Cronenberg,David Cronenberg
94,6.4,21526,Shivers,1975,en,"The residents of a suburban high-rise apartment building are being infected by a strain of parasites that turn them into mindless, sex-crazed fiends out to infect others by the slightest sexual contact.",179000.0,['Horror'],1975-10-10,1000000.0,88.0,['en'],6.356,504.0,"['Canadian Film Development Corporation (CFDC)', ' Cinépix', ' DAL Productions']",['CA'],0,David Cronenberg,David Cronenberg
95,8.1,118354,The 400 Blows,1959,fr,"For young Parisian boy Antoine Doinel, life is one difficult situation after another. Surrounded by inconsiderate adults, including his neglectful parents, Antoine spends his days with his best friend, Rene, trying to plan for a better life. When one of their schemes goes awry, Antoine ends up in trouble with the law, leading to even more conflicts with unsympathetic authority figures.",0.0,['Drama'],1959-06-03,0.0,99.0,"['en', ' fr']",8.085,1745.0,"['Les Films du Carrosse', ' Sédif Productions']",['FR'],0,François Truffaut,
96,6.8,34154,Body Double,1984,en,"After losing an acting role and his girlfriend, Jake Scully finally catches a break: he gets offered a gig house-sitting in the Hollywood Hills. While peering through the beautiful home's telescope one night, he spies a gorgeous woman dancing in her window. But when he witnesses the girl's murder, it leads Scully through the netherworld of the adult entertainment industry on a search for answers—with porn actress Holly Body as his guide.",10000000.0,"['Crime', ' Mystery', ' Thriller']",1984-10-25,8801940.0,114.0,['en'],6.741,576.0,"['Columbia Pictures', ' Delphi II Productions']",['US'],0,Brian De Palma,
97,8.4,125646,Witness for the Prosecution,1957,en,"When Leonard Vole is arrested for the sensational murder of a rich, middle-aged widow, the famous Sir Wilfrid Robarts agrees to appear on his behalf. Sir Wilfrid, recovering from a near-fatal heart attack, is supposed to be on a diet of bland, civil suits—but the lure of the criminal courts is too much for him, especially when the case is so difficult.",3000000.0,"['Drama', ' Mystery', ' Crime']",1957-12-17,9000000.0,116.0,"['de', ' en']",8.2,1054.0,['Edward Small Productions'],['US'],0,Billy Wilder,
98,7.3,581,August in the Water,1995,ja,A teenage girl gains supernatural power after an accident and comes to understand her place in the universe.,0.0,"['Science Fiction', ' Drama', ' Fantasy']",1995-09-09,0.0,117.0,['ja'],6.5,14.0,['Hill Villa'],['JP'],0,Gakuryû Ishii,Gakuryû Ishii
99,7.8,16494,The Devils,1971,en,"In 17th-century France, Father Urbain Grandier seeks to protect the city of Loudun from the corrupt establishment of Cardinal Richelieu. Hysteria occurs within the city when he is accused of witchcraft by a sexually repressed nun.",2000000.0,"['Drama', ' History']",1971-07-01,11000000.0,113.0,['en'],7.482,280.0,['Russo Productions'],['GB'],0,Ken Russell,
100,8.1,49326,Nights of Cabiria,1957,it,"Rome, 1957. A woman, Cabiria, is robbed and left to drown by her boyfriend, Giorgio. Rescued, she resumes her life and tries her best to find happiness in a cynical world. Even when she thinks her struggles are over and she has found happiness and contentment, things may not be what they seem.",0.0,['Drama'],1957-10-03,752045.0,110.0,['it'],8.044,597.0,"['Dino de Laurentiis Cinematografica', ' Les Films Marceau']","['IT', ' FR']",0,Federico Fellini,
101,8.1,64933,The Best Years of Our Lives,1946,en,"It's the hope that sustains the spirit of every GI: the dream of the day when he will finally return home. For three WWII veterans, the day has arrived. But for each man, the dream is about to become a nightmare.",2100000.0,"['Drama', ' Romance', ' War']",1946-12-25,23650000.0,171.0,['en'],7.832,489.0,"['RKO Radio Pictures', ' Samuel Goldwyn Productions']",['US'],0,William Wyler,
102,7.7,4410,The Goat,1921,en,"A series of adventures begins when Buster is mistaken for Dead Shot Dan, the evil bad guy.",0.0,['Comedy'],1921-05-15,0.0,23.0,['xx'],7.297,106.0,"['Buster Keaton Productions', ' Joseph M. Schenck Productions']",['US'],0,,
103,7.9,1048,A Grin Without a Cat,1977,fr,"French essay film focusing on global political turmoil in the 1960s and '70s, particularly the rise of the New Left in France and the development of socialist movements in Latin America.",0.0,"['Documentary', ' War', ' History']",1977-11-23,0.0,180.0,"['en', ' es', ' fr']",7.722,18.0,"['Iskra', ' Dovidis']",['FR'],0,Chris Marker,Chris Marker
104,7.8,1690,The Valley of the Bees,1968,cs,"Cast out by his father, young Ondrej joins the Order of the Teutonic Knights, where he is raised by strict monk Armin. After years of hardship, Ondrej escapes from the Order when he is wrongly punished, and sets out for his former home.  Arriving to discover his father to be dead, Armin now not only assumes control of his fathers properties, but seeks to marry his former stepmother.",0.0,"['Drama', ' History']",1968-05-17,0.0,97.0,['cs'],7.076,33.0,['Filmové studio Barrandov'],['XC'],0,Frantisek Vlácil,
105,8.0,14381,Werckmeister Harmonies,2000,hu,"This story takes place in a small town on the Hungarian Plain. In a provincial town, which is surrounded with nothing else but frost. It is bitterly cold weather — without snow. Even in this bewildered cold hundreds of people are standing around the circus tent, which is put up in the main square, to see — as the outcome of their wait — the chief attraction, the stuffed carcass of a real whale. The people are coming from everywhere. From the neighboring settlings, even from quite far away parts of the country. They are following this clumsy monster as a dumb, faceless, rag-wearing crowd. This strange state of affairs — the appearance of the foreigners, the extreme frost — disturbs the order of the small town. Ambitious personages of the story feel they can take advantage of this situation. The tension growing to the unbearable is brought to explosion by the figure of the Prince, who is pretending facelessness. Even his mere appearance is enough to break loose destructive emotions...",0.0,['Drama'],2000-07-12,25461.0,139.0,"['hu', ' sk']",7.9,244.0,"['ARTE', ' Studio Babelsberg', ' RAI', ' ZDF', ' Von Vietinghoff Filmproduktion (VVF)', ' 13 Productions', ' Magyar Mozgókép Alapítvány', ' Fondazione Montecinemaverita', ' Goëss Film', ' Magyar Televízió Müvelödési Föszerkesztöség (MTV) (I)', ' Nemzeti Kultúrális Alapprogram', ' Országos Rádió és Televízió Testület (ORTT)']","['FR', ' DE', ' HU', ' IT']",0,,
106,8.3,11255,Satantango,1994,hu,"Inhabitants of a small village in Hungary deal with the effects of the fall of Communism. The town's source of revenue, a factory, has closed, and the locals, who include a doctor and three couples, await a cash payment offered in the wake of the shuttering. Irimias, a villager thought to be dead, returns and, unbeknownst to the locals, is a police informant. In a scheme, he persuades the villagers to form a commune with him.",1500000.0,['Drama'],1994-02-08,0.0,432.0,['hu'],8.218,204.0,"['TSR', ' Von Vietinghoff Filmproduktion (VVF)', ' Vega Film', ' Mozgókép Innovációs Társulás és Alapítvány', ' Magyar Televízió']","['DE', ' HU', ' CH']",0,Béla Tarr,
107,7.4,909,Dangerous Encounters of the First Kind,1980,cn,A sociopathic beauty urges three nerdy pranksters to embark on a deranged rampage.,0.0,"['Action', ' Crime', ' Thriller']",1980-12-04,0.0,95.0,"['en', ' cn']",7.0,21.0,['Fotocine Film Production Limited'],['HK'],0,Hark Tsui,
108,8.3,1767,Our Planet,2019,en,Years spent recording footage of creatures from every corner of the globe is bound to produce a bit of drama. Here's a behind-the-scenes look.,0.0,['Documentary'],2019-04-05,0.0,63.0,['en'],7.764,36.0,['Silverback Films'],"['US', ' GB']",0,,
109,7.6,318215,Lord of War,2005,en,"Yuri Orlov is a globetrotting arms dealer and, through some of the deadliest war zones, he struggles to stay one step ahead of a relentless Interpol agent, his business rivals and even some of his customers who include many of the world's most notorious dictators. Finally, he must also face his own conscience.",50000000.0,"['Crime', ' Drama', ' Thriller']",2005-09-16,72617068.0,122.0,"['ar', ' de', ' en', ' fr', ' ru', ' es', ' uk', ' tr']",7.262,3916.0,"['Metro-Goldwyn-Mayer', ' VIP Medienfonds 3', ' Saturn Films', ' Ascendant Pictures', ' Endgame Entertainment', ' Entertainment Manufacturing Company', ' Rising Star', ' Copag V', ' Majority Entertainment']","['FR', ' US', ' DE']",0,Andrew Niccol,Andrew Niccol
110,6.9,73858,Pig,2021,en,A truffle hunter who lives alone in the Oregon wilderness must visit Portland to find the mysterious person who stole his beloved foraging pig.,0.0,"['Drama', ' Thriller']",2021-07-16,3889432.0,91.0,['en'],6.678,888.0,"['Saturn Films', ' Escape Artists', ' AI-Film', ' Pulse Films', ' Sweet Tomato Films', ' Endeavor Content', ' Valparaiso Pictures', ' Hungry Bull Productions', ' BlockBox Entertainment']","['GB', ' US']",0,Michael Sarnoski,
111,6.5,79809,Mandy,2018,en,"The Shadow Mountains, 1983. Red and Mandy lead a loving and peaceful existence; but when their pine-scented haven is savagely destroyed, Red is catapulted into a phantasmagoric journey filled with bloody vengeance and laced with fire.",6000000.0,"['Horror', ' Action', ' Thriller', ' Fantasy']",2018-09-13,1214525.0,122.0,['en'],6.217,1566.0,"['XYZ Films', ' Wallimage', ' uMedia', ' Piccadilly Pictures', ' SpectreVision', ' Legion M']","['US', ' BE']",0,Panos Cosmatos,
112,7.0,329,Bang Bang,1971,pt,"An anonymous urban protagonist experiences a series of absurd situations--including a crazy cab ride, an encounter with a wacky criminal gang, and lots of gunplay--infused with a unique anarchic energy, eventually suggesting our true animal nature.",0.0,"['Comedy', ' Fantasy']",1971-02-11,0.0,80.0,['pt'],7.3,11.0,['Total Filmes'],['BR'],0,Andrea Tonacci,Andrea Tonacci
113,8.0,90367,The Killing,1956,en,"Career criminal Johnny Clay recruits a sharpshooter, a crooked police officer, a bartender and a betting teller named George, among others, for one last job before he goes straight and gets married. But when George tells his restless wife about the scheme to steal millions from the racetrack where he works, she hatches a plot of her own.",320000.0,"['Crime', ' Drama', ' Thriller']",1956-06-06,0.0,85.0,['en'],7.679,1185.0,"['United Artists', ' Harris-Kubrick Productions']",['US'],0,Stanley Kubrick,
114,8.3,22538,A Man Escaped,1956,fr,A captured French Resistance fighter during World War II engineers a daunting escape from prison.,0.0,"['Thriller', ' Drama', ' War', ' History']",1956-11-11,0.0,101.0,"['de', ' fr']",7.985,394.0,"['Gaumont', ' Nouvelles Éditions de Films (NEF)']",['FR'],0,Robert Bresson,
115,7.6,362,The Man That Was Turned into Juice,1980,pt,"Deraldo, a popular poet from Northeast Brazil, arrives in the capital of São Paulo, making a living only from his poetry and pamphlets. All is well until he is mistaken for a multinational worker who killed the boss at a party where he received the title of symbolic worker.",0.0,['Drama'],1980-12-13,0.0,97.0,['pt'],7.3,23.0,"['Embrafilme', ' Raiz Produções Cinematográficas', ' Secretaria de Cultura do Estado de São Paulo']",['BR'],0,João Batista de Andrade,João Batista de Andrade
116,7.5,91747,Ghost Dog: The Way of the Samurai,1999,en,"An African-American Mafia hit man who models himself after the samurai of old finds himself targeted for death by the mob. Jarmusch's spiritual gangster film tells the story of an inner-city hit man (Whitaker) who lives on a rooftop, training himself as a samurai in the strictest sense. He communicates primarily by carrier pigeon, while remaining loyal to a gangster (Tormey) who once saved his life.",2000000.0,"['Crime', ' Drama']",1999-06-02,9400000.0,116.0,['en'],7.323,932.0,"['Canal+', ' Pandora Film', ' JVC', ' Bac Films', ' Degeto Film', ' Plywood Productions']","['DE', ' US', ' FR', ' JP']",0,Jim Jarmusch,Jim Jarmusch
117,6.7,3505,Last and First Men,2020,en,"As the end approaches inexorably, the last humans, living millions of years into the future, send a message to the humanity of the present that is both a plea for help and a warning, but also an epic tale of evolution, decline and hope.",0.0,"['Drama', ' Science Fiction']",2020-02-25,0.0,72.0,['en'],6.634,71.0,['Zik Zak Filmworks'],['IS'],0,Jóhann Jóhannsson,
118,8.0,33466,The Exterminating Angel,1962,es,"After a lavish dinner party, the guests find themselves mysteriously unable to leave the room.",0.0,"['Comedy', ' Drama', ' Fantasy']",1962-05-16,0.0,94.0,['es'],7.983,535.0,['Producciones Gustavo Alatriste'],['MX'],0,Luis Buñuel,
119,7.9,6552,Marcel the Shell with Shoes On,2021,en,"Marcel is an adorable one-inch-tall shell who ekes out a colorful existence with his grandmother Connie and their pet lint, Alan. Once part of a sprawling community of shells, they now live alone as the sole survivors of a mysterious tragedy. But when a documentary filmmaker discovers them amongst the clutter of his Airbnb, the short film he posts online brings Marcel millions of passionate fans, as well as unprecedented dangers and a new hope at finding his long-lost family.",0.0,"['Animation', ' Comedy', ' Family', ' Drama']",2022-06-24,6000000.0,90.0,['en'],7.866,82.0,"['Cinereach', ' Strongman', ' Chiodo Bros. Production']",['US'],0,Dean Fleischer-Camp,
120,7.8,234,Song of Avignon,1998,en,Reflections on my 1966 trip to Avignon that helped me to survive a deep crisis I was going through. Texts from my diaries of that period on the soundtrack are read by Angus MacLise.,0.0,['Documentary'],1998-07-03,0.0,9.0,['en'],7.9,9.0,,['US'],0,Jonas Mekas,
121,1.6,36490,Manos: The Hands of Fate,1966,en,"A family gets lost on the road and stumbles upon a hidden, underground, devil-worshiping cult led by the fearsome Master and his servant Torgo.",19000.0,"['Horror', ' Thriller']",1966-11-15,0.0,70.0,['en'],1.979,165.0,"['Norm-Iris', ' Emerson Film Enterprises']",['US'],0,Harold P. Warren,Harold P. Warren
122,8.0,55179,Neon Genesis Evangelion: The End of Evangelion,1997,ja,"The second of two theatrically released follow-ups to the Neon Genesis Evangelion series. Comprising of two alternate episodes which were first intended to take the place of episodes 25 and 26, this finale answers many of the questions surrounding the series, while also opening up some new possibilities.",0.0,"['Drama', ' Animation', ' Science Fiction', ' Action']",1997-07-19,20000000.0,87.0,['ja'],8.4,1172.0,"['Production I.G', ' Kadokawa Shoten', ' TV Tokyo', ' GAINAX', ' Movic', ' Toei Company', ' Star Child Recording', ' SEGA']",['JP'],0,,Hideaki Anno
123,7.5,9841,Survive Style 5+,2004,ja,"Five bizarre stories with no apparent connection to one and other eventually become intertwined, resulting in surreal circumstances.",0.0,"['Mystery', ' Comedy', ' Thriller']",2004-09-25,0.0,120.0,"['en', ' ja']",7.223,164.0,['Tohokushinsha Film Corporation'],['JP'],0,Gen Sekiguchi,Taku Tada
124,7.1,4109,Dead Leaves,2004,ja,"Pandy and Retro awaken naked on Earth with no recollection of their past. They embark on a crime spree in search of food and clothing, but are captured by authorities and sent to the infamous lunar penitentiary named Dead Leaves.",0.0,"['Animation', ' Comedy', ' Crime', ' Science Fiction']",2004-01-17,0.0,52.0,['ja'],6.989,92.0,['Production I.G'],['JP'],0,Hiroyuki Imaishi,
125,7.4,66865,The Devil's Backbone,2001,es,"Spain, 1939. In the last days of the Spanish Civil War, the young Carlos arrives at the Santa Lucía orphanage, where he will make friends and enemies as he follows the quiet footsteps of a mysterious presence eager for revenge.",4500000.0,"['Fantasy', ' Drama', ' Horror', ' Thriller']",2001-04-20,6582065.0,108.0,['es'],7.303,985.0,"['El Deseo', ' Producciones Anhelo', ' Canal+ España', ' Tequila Gang', ' Sogepaq']","['ES', ' MX']",0,Guillermo del Toro,
126,5.9,639,Wind from the East,1970,fr,A politically oriented film in which images suggestive of a mock western are accompanied by an attack on all cinematic conventions to date and a debate on the nature and possibility of revolutionary cinema.,0.0,['Drama'],1970-08-19,0.0,100.0,"['en', ' fr', ' it', ' pt']",6.825,20.0,"['Anouchka Films', ' CCC-Filmkunst', ' Polifilm']","['FR', ' DE', ' IT']",0,,
127,6.5,3655,Tout Va Bien,1972,fr,A strike at a French sausage factory contributes to the estrangement of a married filmmaker and his reporter wife.,0.0,['Drama'],1972-04-28,0.0,95.0,"['en', ' fr']",6.67,44.0,"['Anouchka Films', ' Empire Films', ' Vieco Films']","['FR', ' IT']",0,,
128,7.9,26051,Elevator to the Gallows,1958,fr,"A self-assured businessman murders his employer, the husband of his mistress, which unintentionally provokes an ill-fated chain of events.",0.0,"['Crime', ' Drama', ' Thriller']",1958-01-29,263404.0,91.0,"['de', ' fr']",7.634,454.0,['Nouvelles Éditions de Films (NEF)'],['FR'],0,Louis Malle,
129,7.6,97368,Blood Simple,1984,en,"The owner of a seedy small-town Texas bar discovers that one of his employees is having an affair with his wife. A chaotic chain of misunderstandings, lies and mischief ensues after he devises a plot to have them murdered.",1500000.0,"['Crime', ' Drama', ' Thriller']",1984-09-07,3851855.0,97.0,['en'],7.303,1097.0,"['Circle Films', ' River Road Productions', ' Foxton Entertainment']",['US'],0,,
130,8.0,52006,Le Samouraï,1967,fr,"After carrying out a flawlessly planned hit, Jef Costello, a contract killer with samurai instincts, finds himself caught between a persistent police investigator and a ruthless employer, and not even his armor of fedora and trench coat can protect him.",0.0,"['Crime', ' Thriller']",1967-10-25,39481.0,105.0,['fr'],7.87,794.0,"['Fida Cinematografica', ' Compagnie Industrielle et Commerciale Cinématographique (CICC)', ' Filmel', ' TC Productions']","['FR', ' IT']",0,Jean-Pierre Melville,
131,7.9,9628,The Fire Within,1963,fr,"Although his alcoholism has been treated, Alain still feels he is deeply unwell and does not feel he can leave the detoxification clinic once and for all. His wife, living in New York, continues to pay for his treatment, but no longer contacts him directly. He intends to commit suicide, but first takes a ride to Paris to catch up with old friends.",0.0,['Drama'],1963-10-15,0.0,108.0,['fr'],7.673,159.0,['Nouvelles Éditions de Films (NEF)'],['FR'],0,Louis Malle,
132,6.2,6,Coffin Joe's Heart of Darkness,2017,pt,One of the great iconic filmmakers of the horror genre returns with one of the final projects he will manage in his lifetime.,0.0,,2017-10-28,0.0,23.0,['pt'],0.0,0.0,,['BR'],0,,
133,6.3,133,"Meteorango Kid, Herói Intergaláctico",1969,pt,"In Bahia, in the late '60s, the alienated college student Lula spends his time protesting in the university, but without political orientation, wandering on the streets, smoking grass, trying to be an actor and having sex. Meanwhile, a common young man stalks women on the streets trying to have intercourse with them.",0.0,"['Drama', ' Comedy']",1969-01-01,0.0,85.0,['pt'],5.5,5.0,['ALO Produções Cinematográficas'],['BR'],0,André Luiz Oliveira,André Luiz Oliveira
134,6.6,198,Copacabana Mon Amour,1970,pt,Sônia and her homosexual brother are both believed by their mother to be possessed by the devil. She works as a prostitute in the streets of Copacabana and he’s a servant who falls madly in love with his employer.,0.0,"['Drama', ' Comedy']",1970-02-13,0.0,85.0,['pt'],6.6,8.0,['Belair Filmes'],['BR'],0,Rogério Sganzerla,Rogério Sganzerla
135,6.9,40316,Ravenous,1999,en,"Upon receiving reports of missing persons at Fort Spencer, a remote Army outpost on the Western frontier, Capt. John Boyd investigates. After arriving at his new post, Boyd and his regiment aid a wounded frontiersman who recounts a horrifying tale of a wagon train murdered by its supposed guide -- a vicious U.S. Army colonel gone rogue. Fearing the worst, the regiment heads out into the wilderness to verify the gruesome claims.",12000000.0,"['Horror', ' Western', ' Adventure']",1999-03-16,0.0,101.0,"['en', ' es']",6.792,465.0,"['20th Century Fox', ' Heyday Films', ' Fox 2000 Pictures', ' ETIC Films', ' Adam Fields Productions', ' Engulf & Devour Productions Inc.']","['US', ' GB']",0,Antonia Bird,Ted Griffin
136,6.1,5569,Mutant Blast,2018,pt,"Maria, a fearless soldier, and TS-347, a man with superhuman strength, are being pursued by a military cell responsible for scientific experiments that have resulted in a zombie apocalypse. On the way, they will meet Pedro, a man with few ambitions and a great hangover. Together, they will try to escape to a safe place, but complications will cross their paths in the form of a nuclear bomb.",0.0,"['Science Fiction', ' Horror', ' Comedy', ' Action']",2018-09-06,0.0,84.0,"['fr', ' pt']",6.5,8.0,"['Troma Entertainment', ' Alle Films']","['PT', ' US']",0,Fernando Alle,
137,7.8,16178,L'Atalante,1934,fr,"Capricious small-town girl Juliette and barge captain Jean marry after a whirlwind courtship, and she comes to live aboard his boat, L'Atalante. As they make their way down the Seine, Jean grows weary of Juliette's flirtations with his all-male crew, and Juliette longs to escape the monotony of the boat and experience the excitement of a big city. When she steals away to Paris by herself, her husband begins to think their marriage was a mistake.",0.0,"['Romance', ' Drama', ' Comedy']",1934-04-24,0.0,89.0,['fr'],7.534,324.0,['Jean-Louis Nounez'],['FR'],0,Jean Vigo,
138,6.8,142,Remonstrance,1972,no,"A meta-film about a film and the common man in our own political reality. A reality that is just scenes of a film without any cinematic development, but which might be plain reality tomorrow.",0.0,"['Drama', ' Crime']",1972-11-09,0.0,97.0,['no'],5.8,8.0,['Studio ABC'],['NO'],0,Erik Løchen,Erik Løchen
139,7.9,7039,"Argentina, 1985",2022,es,"In a David-vs-Goliath battle and under constant threat, Julio Strassera, Luis Moreno Ocampo and their young legal team of unlikely heroes dared to prosecute Argentina’s bloodiest military dictatorship against all odds and in a race against time to bring justice to the victims of the Military Junta.",0.0,"['Drama', ' History']",2022-09-29,0.0,141.0,['es'],8.3,126.0,"['La Unión de los Ríos', ' Infinity Hill', ' Kenya Films']","['AR', ' US', ' GB']",0,Santiago Mitre,
140,6.8,73842,Walk Hard: The Dewey Cox Story,2007,en,"Following a childhood tragedy, Dewey Cox follows a long and winding road to music stardom. Dewey perseveres through changing musical styles, an addiction to nearly every drug known and bouts of uncontrollable rage.",35000000.0,"['Comedy', ' Music', ' Drama']",2007-12-21,18317151.0,96.0,['en'],6.6,551.0,"['Columbia Pictures', ' Apatow Productions']",['US'],0,Jake Kasdan,
141,7.0,11342,Martin,1976,en,"Martin, who believes himself to be a vampire, goes to live with his elderly and hostile cousin in a small Pennsylvania town where he tries to redeem his blood-craving urges.",0.0,['Horror'],1976-12-15,0.0,95.0,['en'],6.824,199.0,['Laurel Entertainment'],['US'],0,George A. Romero,George A. Romero
142,7.2,23473,Cat People,1942,en,"Serbian fashion designer Irena Dubrovna and American marine engineer Oliver Reed meet in Central Park, fall in love, and marry after a brief courtship; but Irena won't consummate the union for fear that she will turn into a panther compelled to kill her lover, pursuant to a belief harbored by her home village.",134000.0,"['Horror', ' Drama']",1942-12-05,4000000.0,73.0,"['sr', ' en']",6.926,442.0,['RKO Radio Pictures'],['US'],0,Jacques Tourneur,DeWitt Bodeen
143,8.0,37719,Out of the Past,1947,en,"Jeff Bailey seems to be a mundane gas station owner in remote Bridgeport, CA. He is dating local girl Ann Miller and lives a quiet life. But Jeff has a secret past, and when a mysterious stranger arrives in town, Jeff is forced to return to the dark world he had tried to escape.",0.0,"['Crime', ' Drama', ' Romance', ' Thriller']",1947-11-25,0.0,97.0,['en'],7.697,438.0,['RKO Radio Pictures'],['US'],0,Jacques Tourneur,
144,8.1,172093,The Third Man,1949,en,"In postwar Vienna, Austria, Holly Martins, a writer of pulp Westerns, arrives penniless as a guest of his childhood chum Harry Lime, only to learn he has died. Martins develops a conspiracy theory after learning of a ""third man"" present at the time of Harry's death, running into interference from British officer Major Calloway, and falling head-over-heels for Harry's grief-stricken lover, Anna.",0.0,"['Thriller', ' Mystery']",1949-08-31,1226098.0,104.0,"['en', ' ru', ' de']",7.98,1449.0,"['British Lion Films', ' London Films Productions']",['GB'],0,Carol Reed,
145,8.0,104975,Touch of Evil,1958,en,"When a car bomb explodes on the American side of the U.S./Mexico border, Mexican drug enforcement agent Miguel Vargas begins his investigation, along with American police captain Hank Quinlan. When Vargas begins to suspect that Quinlan and his shady partner, Menzies, are planting evidence to frame an innocent man, his investigations into their possible corruption quickly put himself and his new bride, Susie, in jeopardy.",829000.0,"['Crime', ' Thriller']",1958-03-30,2247500.0,111.0,"['en', ' es']",7.8,1161.0,['Universal International Pictures'],['US'],0,Orson Welles,
146,7.7,23114,Last Year at Marienbad,1961,fr,"In a strange and isolated chateau, a man becomes acquainted with a woman and insists that they have met before.",0.0,"['Drama', ' Romance']",1961-05-25,0.0,95.0,['fr'],7.505,386.0,"['Silver Films', ' Cinétel', ' Cormoran Films', ' Argos Films', ' Cineriz', ' Terra Film']","['FR', ' IT']",0,Alain Resnais,Alain Robbe-Grillet
147,8.0,47991,Sleuth,1972,en,A mystery novelist devises an insurance scam with his wife's lover – but things aren't exactly as they seem.,3500000.0,"['Mystery', ' Thriller', ' Crime']",1972-12-10,5750000.0,138.0,"['it', ' en']",7.688,479.0,['Palomar Pictures International'],['GB'],0,Joseph L. Mankiewicz,Anthony Shaffer
148,7.8,23053,That Obscure Object of Desire,1977,fr,"After dumping a bucket of water on a beautiful young woman from the window of a train car, wealthy Frenchman Mathieu, regales his fellow passengers with the story of the dysfunctional relationship between himself and the young woman in question, a fiery 19-year-old flamenco dancer named Conchita. What follows is a tale of cruelty, depravity and lies -- the very building blocks of love.",0.0,"['Comedy', ' Drama', ' Romance']",1977-08-17,0.0,103.0,"['es', ' fr']",7.482,282.0,"['Greenwich Film Production', ' Incine', ' Les Films Galaxie']","['FR', ' ES']",0,Luis Buñuel,
149,7.7,17076,F for Fake,1973,fr,"Documents the lives of infamous fakers Elmyr de Hory and Clifford Irving. De Hory, who later committed suicide to avoid more prison time, made his name by selling forged works of art by painters like Picasso and Matisse. Irving was infamous for writing a fake autobiography of Howard Hughes. Welles moves between documentary and fiction as he examines the fundamental elements of fraud and the people who commit fraud at the expense of others.",0.0,['Documentary'],1973-09-01,0.0,89.0,"['en', ' fr', ' es']",7.423,260.0,"['Janus Film und Fernsehen', "" Les Films de l'Astrophore"", ' SACI']","['FR', ' DE', ' IR']",0,,
150,7.1,14001,Code Unknown,2000,fr,"A series of events unfold like a chain reaction, all stemming from a minor event that brings the film's five characters together. Set in Paris, France, Anne is an actress whose boyfriend Georges photographs the war in Kosovo. Georges' brother, Jean, is looking for the entry code to Georges' apartment. These characters lives interconnect with a Romanian immigrant and a deaf teacher.",0.0,"['Drama', ' Romance', ' War']",2000-11-15,95242.0,118.0,"['ar', ' en', ' fr', ' de', ' ro']",6.781,178.0,"['France 2 Cinéma', ' ARTE France Cinéma', ' Canal+', ' Les Films Alain Sarde', ' Bavaria Film', ' ZDF', ' MK2 Films', ' Filmex Romania', ' Romanian Culture Ministry']","['AT', ' FR', ' DE', ' RO']",0,Michael Haneke,Michael Haneke
151,8.1,155578,On the Waterfront,1954,en,"Terry Malloy dreams about being a prize fighter, while tending his pigeons and running errands at the docks for Johnny Friendly, the corrupt boss of the dockers union. Terry witnesses a murder by two of Johnny's thugs, and later meets the dead man's sister and feels responsible for his death. She introduces him to Father Barry, who tries to force him to provide information for the courts that will smash the dock racketeers.",910000.0,"['Crime', ' Drama']",1954-06-22,9600000.0,108.0,['en'],8.0,1246.0,"['Columbia Pictures', ' Horizon Pictures']",['US'],0,Elia Kazan,
152,6.9,74,Cara a Cara,1967,pt,"The story of a civil servant who lives with his elderly mother. Falling in love with a corrupt politician's young and rich daughter, he abandons himself to crazy and violent situations.",0.0,['Drama'],1967-01-01,0.0,72.0,['pt'],4.7,7.0,"['Difilm', ' Julio Bressane Produções Cinematográficas']",['BR'],0,Júlio Bressane,Júlio Bressane
153,7.4,167,The Guns,1964,en,"Traces the origins and actions of World War I, from the funeral of Britain's King Edward VII to the Versailles Treaty.",0.0,['Documentary'],1964-12-24,0.0,100.0,['en'],0.0,0.0,,,0,Nathan Kroll,
154,7.0,105882,Super Troopers,2001,en,"Five bored, occasionally high and always ineffective Vermont state troopers must prove their worth to the governor or lose their jobs. After stumbling on a drug ring, they plan to make a bust, but a rival police force is out to steal the glory.",1200000.0,"['Comedy', ' Crime', ' Mystery']",2001-01-18,18492362.0,100.0,['en'],6.584,889.0,"['Fox Searchlight Pictures', ' Broken Lizard Industries', ' Jersey Shore', ' Cataland Films', ' Árpád Productions']",['US'],0,Jay Chandrasekhar,
155,7.5,2678,Barren Lives,1963,pt,"In vivid images, the documentary-like story of a drover and his family in the northern badlands of Brazil during the drought. A family in the search of new hope and destiny.",0.0,['Drama'],1963-08-22,0.0,100.0,['pt'],7.3,69.0,['Sino Filmes'],['BR'],0,Nelson Pereira dos Santos,
156,7.5,750,"Rio, 40 Degrees C.",1955,pt,"Banned by Brazil’s Federal Department of Public Safety, Rio, 40 Graus is a landmark film that ushered in the wave of Cinema Novo in Brazil. The film chronicles a day in the life of five peanut vendors from Rio de Janeiro's favelas. This was one of the first Brazilian films to address the issues of race, poverty, and class.",0.0,['Drama'],1955-08-24,0.0,100.0,['pt'],7.1,25.0,['Equipe Moacyr Fenelon'],['BR'],0,Nelson Pereira dos Santos,
157,7.7,454,"Rio, Zona Norte",1957,pt,A talented songwriter of sambas is forced to face the social injustices of the city around him.,0.0,"['Drama', ' Music']",1957-08-26,0.0,83.0,['pt'],8.275,20.0,['Nelson Pereira dos Santos'],['BR'],0,Nelson Pereira dos Santos,Nelson Pereira dos Santos
158,5.9,35155,Undercover Brother,2002,en,"An Afro-American organization, the B.R.O.T.H.E.R.H.O.O.D., is in permanent fight against a white organization ""The Man"" defending the values of the black people in North America. When the Afro-American candidate Gen. Warren Boutwell behaves strangely in his presidential campaign, Undercover Brother is hired to work undercover for ""The Man"" and find what happened with the potential candidate.",25000000.0,"['Action', ' Comedy']",2002-05-31,41604473.0,86.0,['en'],5.827,312.0,['Universal Pictures'],['US'],0,Malcolm D. Lee,
