nconst,primaryName,birthYear,deathYear,primaryProfession,knownForTitles,id_directors
nm0000005,Ingmar Bergman,1918,2007,"writer,director,actor","tt0083922,tt0060827,tt0050986,tt0050976",nm0000005
nm0000019,Federico Fellini,1920,1993,"writer,director,assistant_director","tt0053779,tt0056801,tt0050783,tt0071129",nm0000019
nm0000033,Alfred Hitchcock,1899,1980,"director,producer,writer","tt0052357,tt0040746,tt0054215,tt0053125",nm0000033
nm0000036,Buster Keaton,1895,1966,"actor,writer,director","tt0019421,tt0017925,tt0016332,tt0015324",nm0000036
nm0000040,Stanley Kubrick,1928,1999,"writer,director,producer","tt0120663,tt0062622,tt0072684,tt0066921",nm0000040
nm0000041,Akira Kurosawa,1910,1998,"writer,director,assistant_director","tt0051808,tt0047478,tt0089881,tt0080979",nm0000041
nm0000076,François Truffaut,1932,1984,"writer,director,producer","tt0053198,tt0055032,tt0070460,tt0075860",nm0000076
nm0000080,Orson Welles,1915,1985,"actor,director,writer","tt0033467,tt0057427,tt0052311,tt0040525",nm0000080
nm0000108,Luc Besson,1959,\N,"writer,producer,director","tt2872732,tt0119116,tt0110413,tt0100263",nm0000108
nm0000110,Kenneth Branagh,1960,\N,"actor,producer,director","tt0109836,tt0107616,tt0097499,tt0116477",nm0000110
nm0000116,James Cameron,1954,\N,"writer,producer,director","tt0499549,tt0120338,tt0103064,tt0090605",nm0000116
nm0000118,John Carpenter,1948,\N,"soundtrack,writer,composer","tt0080749,tt0096256,tt0077651,tt0082340",nm0000118
nm0000122,Charles Chaplin,1889,1977,"writer,soundtrack,actor","tt0032553,tt0044837,tt0021749,tt0027977",nm0000122
nm0000123,George Clooney,1961,\N,"actor,producer,director","tt1193138,tt1124035,tt0465538,tt0433383",nm0000123
nm0000127,Wes Craven,1939,2015,"writer,producer,director","tt0087800,tt0105121,tt0117571,tt0111686",nm0000127
nm0000142,Clint Eastwood,1930,\N,"actor,producer,director","tt0105695,tt0405159,tt0112579,tt1205489",nm0000142
nm0000154,Mel Gibson,1956,\N,"producer,actor,director","tt0112573,tt0117438,tt0118883,tt0104714",nm0000154
nm0000165,Ron Howard,1954,\N,"actor,producer,writer","tt0112384,tt0367279,tt0088933,tt0268978",nm0000165
nm0000180,David Lean,1908,1991,"editor,director,writer","tt0050212,tt0037558,tt0059113,tt0056172",nm0000180
nm0000184,George Lucas,1944,\N,"writer,producer,director","tt0069704,tt0076759,tt0082971,tt0066434",nm0000184
nm0000186,David Lynch,1946,\N,"writer,director,producer","tt0460829,tt0098936,tt0105665,tt0166924",nm0000186
nm0000217,Martin Scorsese,1942,\N,"producer,director,actor","tt0106226,tt0070379,tt0075314,tt0099685",nm0000217
nm0000229,Steven Spielberg,1946,\N,"producer,writer,director","tt0082971,tt0120815,tt0083866,tt0108052",nm0000229
nm0000230,Sylvester Stallone,1946,\N,"actor,writer,producer","tt0084602,tt0089927,tt3076658,tt0075148",nm0000230
nm0000231,Oliver Stone,1946,\N,"director,producer,writer","tt0110632,tt0102138,tt0096969,tt0091763",nm0000231
nm0000233,Quentin Tarantino,1963,\N,"writer,actor,producer","tt0110912,tt0105236,tt0116367,tt7131622",nm0000233
nm0000247,John Woo,1946,\N,"director,producer,writer","tt0119094,tt0092263,tt0425637,tt0104684",nm0000247
nm0000264,Pedro Almodóvar,1949,\N,"writer,director,soundtrack","tt0101026,tt0287467,tt1189073,tt0095675",nm0000264
nm0000265,Robert Altman,1925,2006,"director,producer,writer","tt0073440,tt0108122,tt0280707,tt0105151",nm0000265
nm0000269,Jean-Jacques Annaud,1943,\N,"director,producer,writer","tt0215750,tt0120102,tt0091605,tt2909116",nm0000269
nm0000318,Tim Burton,1958,\N,"producer,miscellaneous,director","tt0408236,tt0099487,tt1142977,tt0121164",nm0000318
nm0000320,Luis Buñuel,1900,1983,"writer,director,actor","tt0061395,tt0068361,tt0042804,tt0056732",nm0000320
nm0000338,Francis Ford Coppola,1939,\N,"producer,director,writer","tt0071562,tt0071360,tt0078788,tt0068646",nm0000338
nm0000341,Michael Crichton,1942,2008,"writer,producer,director","tt0117998,tt0108757,tt0070909,tt0107290",nm0000341
nm0000343,David Cronenberg,1943,\N,"director,actor,writer","tt0091064,tt0094964,tt0115964,tt0120907",nm0000343
nm0000361,Brian De Palma,1940,\N,"director,writer,producer","tt0094226,tt0120832,tt0086984,tt0080661",nm0000361
nm0000370,Walt Disney,1901,1966,"producer,actor,miscellaneous","tt0034492,tt0058331,tt0029583,tt0048280",nm0000370
nm0000386,Roland Emmerich,1955,\N,"writer,producer,director","tt0116629,tt1628841,tt0319262,tt0120685",nm0000386
nm0000399,David Fincher,1962,\N,"producer,director,actor","tt1285016,tt0114369,tt0443706,tt2267998",nm0000399
nm0000416,Terry Gilliam,1940,\N,"writer,actor,animation_department","tt0088846,tt1054606,tt0071853,tt0085959",nm0000416
nm0000419,Jean-Luc Godard,1930,2022,"director,writer,editor","tt0058898,tt0053472,tt0056663,tt0059592",nm0000419
nm0000436,Curtis Hanson,1945,2016,"director,producer,writer","tt0388125,tt0119488,tt0185014,tt0104389",nm0000436
nm0000455,John Hughes,1950,2009,"writer,producer,director","tt0090305,tt0098554,tt0093748,tt0091042",nm0000455
nm0000464,Jim Jarmusch,1953,\N,"director,writer,actor","tt0088184,tt0412019,tt1714915,tt5247022",nm0000464
nm0000466,Jean-Pierre Jeunet,1953,\N,"director,writer,producer","tt1149361,tt0344510,tt0101700,tt0211915",nm0000466
nm0000484,John Landis,1950,\N,"producer,director,actor","tt0118747,tt0067716,tt0080455,tt0086491",nm0000484
nm0000485,Fritz Lang,1890,1976,"director,writer,producer","tt0019415,tt0057345,tt0017136,tt0022100",nm0000485
nm0000487,Ang Lee,1954,\N,"director,producer,writer","tt0808357,tt0190332,tt0454876,tt0388795",nm0000487
nm0000490,Spike Lee,1957,\N,"director,producer,writer","tt0097216,tt0104797,tt9777644,tt0091939",nm0000490
nm0000500,Richard Linklater,1960,\N,"producer,director,writer","tt2209418,tt0243017,tt1065073,tt0405296",nm0000500
nm0000517,Terrence Malick,1943,\N,"producer,writer,director","tt0120863,tt0069762,tt0478304,tt0077405",nm0000517
nm0000520,Michael Mann,1943,\N,"producer,writer,director","tt0140352,tt0091474,tt0369339,tt0104691",nm0000520
nm0000570,Alan Parker,1944,2020,"director,writer,soundtrack","tt0116250,tt0077928,tt0101605,tt0095647",nm0000570
nm0000591,Roman Polanski,1933,\N,"director,actor,writer","tt0071315,tt1692486,tt0074811,tt1139328",nm0000591
nm0000600,Sam Raimi,1959,\N,"producer,writer,director","tt0083907,tt0145487,tt0106308,tt0099365",nm0000600
nm0000631,Ridley Scott,1937,\N,"producer,director,production_designer","tt3659388,tt0172495,tt0103074,tt0083658",nm0000631
nm0000682,Paul Verhoeven,1938,\N,"director,producer,writer","tt0164052,tt0389557,tt3716530,tt0093870",nm0000682
nm0000697,Billy Wilder,1906,2002,"writer,director,producer","tt0053291,tt0053604,tt0043014,tt0047437",nm0000697
nm0000709,Robert Zemeckis,1951,\N,"producer,writer,director","tt0088763,tt0109830,tt0118884,tt1907668",nm0000709
nm0000720,Jim Abrahams,1944,\N,"writer,producer,director","tt0080339,tt0088286,tt0083466,tt0102059",nm0000720
nm0000759,Paul Thomas Anderson,1970,\N,"director,writer,producer","tt0272338,tt11271038,tt0118749,tt0469494",nm0000759
nm0000797,Hal Ashby,1929,1988,"director,editorial_department,actor","tt0077362,tt0067185,tt0061811,tt0078841",nm0000797
nm0000814,John G. Avildsen,1935,2017,"director,editor,cinematographer","tt0100507,tt0087538,tt0075148,tt0097647",nm0000814
nm0000850,Clive Barker,1952,\N,"writer,producer,actor","tt0100260,tt0093177,tt0887261,tt0103919",nm0000850
nm0000881,Michael Bay,1965,\N,"producer,director,actor","tt0120591,tt2109248,tt1055369,tt0418279",nm0000881
nm0000905,Roberto Benigni,1952,\N,"actor,writer,director","tt0090967,tt0118799,tt0102164,tt0419198",nm0000905
nm0000916,Peter Berg,1964,\N,"producer,actor,writer","tt1091191,tt0124198,tt0108724,tt0369339",nm0000916
nm0000941,Kathryn Bigelow,1951,\N,"director,producer,actress","tt0887912,tt1790885,tt0093605,tt0114558",nm0000941
nm0000948,Shane Black,1961,\N,"writer,actor,director","tt0093773,tt0373469,tt3799694,tt1300854",nm0000948
nm0000965,Danny Boyle,1956,\N,"director,producer,writer","tt1010048,tt0111149,tt0289043,tt1542344",nm0000965
nm0000975,Robert Bresson,1901,1999,"writer,director,editor","tt0061996,tt0042619,tt0060138,tt0049902",nm0000975
nm0001008,Frank Capra,1897,1991,"director,writer,producer","tt0038650,tt0025316,tt0030993,tt0031679",nm0001008
nm0001045,Tommy Chong,1938,\N,"actor,soundtrack,writer","tt0082163,tt0078446,tt2948356,tt0080520",nm0001045
nm0001053,Ethan Coen,1957,\N,"producer,writer,director","tt2042568,tt0116282,tt6412452,tt1019452",nm0001053
nm0001054,Joel Coen,1954,\N,"producer,writer,director","tt10095582,tt0101410,tt2042568,tt6412452",nm0001054
nm0001060,Chris Columbus,1958,\N,"producer,writer,director","tt1454029,tt0295297,tt0241527,tt0304141",nm0001060
nm0001068,Sofia Coppola,1971,\N,"director,actress,writer","tt0099674,tt5592248,tt0335266,tt0159097",nm0001068
nm0001081,Cameron Crowe,1957,\N,"writer,producer,director","tt0105415,tt0259711,tt0181875,tt0116695",nm0001081
nm0001102,Joe Dante,1946,\N,"director,producer,miscellaneous","tt0093260,tt0082533,tt0087363,tt0122718",nm0001102
nm0001104,Frank Darabont,1959,\N,"writer,producer,director","tt1520211,tt0111161,tt0884328,tt0120689",nm0001104
nm0001129,Jonathan Demme,1944,2017,"director,producer,writer","tt0368008,tt0107818,tt0102926,tt1084950",nm0001129
nm0001178,Sergei Eisenstein,1898,1948,"director,writer,editor","tt0015648,tt0018217,tt0037824,tt0029850",nm0001178
nm0001206,Abel Ferrara,1951,\N,"director,writer,actor","tt0099939,tt0133122,tt0118734,tt0103759",nm0001206
nm0001232,Milos Forman,1932,2018,"director,writer,actor","tt0079261,tt0086879,tt0117318,tt0073486",nm0001232
nm0001243,William Friedkin,1935,\N,"director,writer,producer","tt0067116,tt0070047,tt0090180,tt1726669",nm0001243
nm0001252,Vincent Gallo,1961,\N,"actor,director,soundtrack","tt0106307,tt0118789,tt0330099,tt1561768",nm0001252
nm0001281,Bobcat Goldthwait,1962,\N,"director,actor,writer","tt0102898,tt0119282,tt1912398,tt0096061",nm0001281
nm0001353,Walter Hill,1942,\N,"producer,writer,director","tt0103644,tt0088194,tt0083511,tt0090605",nm0001353
nm0001361,Tobe Hooper,1943,2017,"director,writer,producer","tt0089489,tt0072271,tt0084516,tt0092076",nm0001361
nm0001367,C. Thomas Howell,1966,\N,"actor,producer,director","tt0086066,tt0083866,tt0091209,tt0087985",nm0001367
nm0001392,Peter Jackson,1961,\N,"producer,director,writer","tt0092610,tt0120737,tt0167261,tt0360717",nm0001392
nm0001402,Terry Jones,1942,2020,"writer,actor,producer","tt0118172,tt0079470,tt0085959,tt0071853",nm0001402
nm0001425,Krzysztof Kieslowski,1941,1996,"writer,director,actor","tt0111495,tt0111507,tt0101765,tt0108394",nm0001425
nm0001438,Neil LaBute,1963,\N,"writer,producer,director","tt5811556,tt0450345,tt0171580,tt0119361",nm0001438
nm0001466,Sergio Leone,1929,1989,"assistant_director,writer,director","tt0067140,tt0087843,tt0058461,tt0060196",nm0001466
nm0001486,Sidney Lumet,1924,2011,"director,producer,writer","tt0292963,tt0050083,tt0070666,tt0072890",nm0001486
nm0001501,Louis Malle,1932,1995,"director,writer,producer","tt0051378,tt0080388,tt0092593,tt0071733",nm0001501
nm0001532,John McTiernan,1951,\N,"director,producer,writer","tt0093773,tt0095016,tt0107362,tt0246894",nm0001532
nm0001596,Pier Paolo Pasolini,1922,1975,"writer,director,actor","tt0073650,tt0065622,tt0058715,tt0061613",nm0001596
nm0001661,Rob Reiner,1947,\N,"actor,writer,producer","tt0066626,tt0993846,tt0160916,tt0088258",nm0001661
nm0001675,Robert Rodriguez,1968,\N,"producer,writer,director","tt1077258,tt0287717,tt0104815,tt0462322",nm0001675
nm0001681,George A. Romero,1940,2017,"producer,writer,director","tt0418819,tt0095652,tt0063350,tt0848557",nm0001681
nm0001692,Ken Russell,1927,2011,"director,writer,actor","tt0080360,tt0066858,tt0066993,tt0073812",nm0001692
nm0001708,Joel Schumacher,1939,2020,"director,writer,producer","tt0183649,tt0118688,tt0293508,tt0134273",nm0001708
nm0001716,Tony Scott,1944,2012,"producer,director,actor","tt0116277,tt0108399,tt0477080,tt0421054",nm0001716
nm0001741,Bryan Singer,1965,\N,"producer,director,actor","tt1877832,tt0348150,tt0120903,tt0114814",nm0001741
nm0001752,Steven Soderbergh,1963,\N,"producer,director,cinematographer","tt1291580,tt0181865,tt0098724,tt0195685",nm0001752
nm0001756,Barry Sonnenfeld,1953,\N,"producer,director,actor","tt0119654,tt0106220,tt1409024,tt0120891",nm0001756
nm0001774,Ben Stiller,1965,\N,"producer,actor,director","tt1608290,tt0359950,tt0942385,tt0196229",nm0001774
nm0001789,Andrei Tarkovsky,1932,1986,"writer,director,actor","tt0091670,tt0069293,tt0060107,tt0086022",nm0001789
nm0001814,Gus Van Sant,1952,\N,"director,producer,writer","tt0842929,tt0102494,tt0363589,tt0097240",nm0001814
nm0001837,Peter Weir,1944,\N,"director,writer,producer","tt0311113,tt1023114,tt0090329,tt0097165",nm0001837
nm0001878,David Zucker,1947,\N,"writer,producer,director","tt0080339,tt0362120,tt0102510,tt0088286",nm0001878
nm0001885,Lars von Trier,1956,\N,"writer,director,producer","tt4003440,tt0870984,tt0276919,tt0168629",nm0001885
nm0001901,Chantal Akerman,1950,2015,"director,writer,actress","tt0078152,tt0071690,tt0073198,tt4881016",nm0001901
nm0001988,Marc Caro,1956,\N,"director,writer,actor","tt0118583,tt0487928,tt0112682,tt0101700",nm0001988
nm0002020,Costa-Gavras,1933,\N,"director,writer,producer","tt0422015,tt0065234,tt0280653,tt0084335",nm0002020
nm0002030,George Cukor,1899,1983,"director,miscellaneous,assistant_director","tt0032904,tt0058385,tt0036855,tt0050631",nm0002030
nm0002031,Michael Curtiz,1886,1962,"director,writer,actor","tt0026174,tt0029843,tt0037913,tt0034583",nm0002031
nm0002120,Lasse Hallström,1946,\N,"director,writer,cinematographer","tt0089606,tt0108550,tt0241303,tt0989757",nm0002120
nm0002132,Amy Heckerling,1954,\N,"writer,director,producer","tt3973820,tt0115137,tt0097778,tt0083929",nm0002132
nm0002340,Stuart Gordon,1947,2020,"writer,director,producer","tt0758786,tt0106950,tt0091083,tt0089885",nm0002340
nm0002653,Joe Johnston,1950,\N,"director,visual_effects,producer","tt0082971,tt0458339,tt0132477,tt0102803",nm0002653
nm0002728,Juan José Campanella,1959,\N,"writer,director,actor","tt1305806,tt8453986,tt0210843,tt1994702",nm0002728
nm0002892,Wally Pfister,1961,\N,"cinematographer,camera_department,director","tt0482571,tt1375666,tt0468569,tt0372784",nm0002892
nm0003160,Christopher McQuarrie,1968,\N,"writer,producer,director","tt1631867,tt0114814,tt4912910,tt2345759",nm0003160
nm0003408,Chris Marker,1921,2012,"writer,director,editor","tt0114746,tt0084628,tt0054799,tt0056119",nm0003408
nm0003418,Rob Cohen,1949,\N,"producer,director,actor","tt0382992,tt0106770,tt0093894,tt0116136",nm0003418
nm0003506,James Mangold,1963,\N,"producer,director,writer","tt3315342,tt1950186,tt0358273,tt0113280",nm0003506
nm0003620,Kevin Smith,1970,\N,"producer,actor,writer","tt0118842,tt0120655,tt0424345,tt0109445",nm0003620
nm0003638,F.W. Murnau,1888,1931,"director,writer,producer","tt0012973,tt0018455,tt0013442,tt0022458",nm0003638
nm0004056,Andrew Stanton,1965,\N,"writer,actor,producer","tt2277860,tt0120623,tt0910970,tt0266543",nm0004056
nm0004217,André Øvredal,\N,\N,"director,writer,producer","tt5715066,tt1740707,tt3289956,tt4583446",nm0004217
nm0004303,Gavin Hood,1963,\N,"actor,producer,director","tt5431890,tt2057392,tt0178860,tt0468565",nm0004303
nm0004306,George Miller,1945,\N,"producer,writer,director","tt0079501,tt0366548,tt0082694,tt1392190",nm0004306
nm0004410,Mark Neveldine,1973,\N,"director,actor,producer","tt0479884,tt0964539,tt1121931,tt1034032",nm0004410
nm0004693,Lou Adler,1933,\N,"soundtrack,producer,music_department","tt0073629,tt0120890,tt0090329,tt0078446",nm0004693
nm0004716,Darren Aronofsky,1969,\N,"producer,director,writer","tt5109784,tt0414993,tt0138704,tt0180093",nm0004716
nm0005069,Spike Jonze,1969,\N,"producer,writer,director","tt0120601,tt0386117,tt0120188,tt1798709",nm0005069
nm0005101,Harmony Korine,1973,\N,"director,writer,actor","tt0113540,tt2101441,tt0119237,tt1488163",nm0005101
nm0005124,John Lasseter,1957,\N,"producer,writer,director","tt0114709,tt0120363,tt0120623,tt0317219",nm0005124
nm0005139,Mike Leigh,1943,\N,"director,writer,miscellaneous","tt1045670,tt0383694,tt0117589,tt1431181",nm0005139
nm0005222,Sam Mendes,1965,\N,"producer,director,miscellaneous","tt0959337,tt0257044,tt1074638,tt8579674",nm0005222
nm0005363,Guy Ritchie,1968,\N,"writer,director,producer","tt0208092,tt6139732,tt0120735,tt0988045",nm0005363
nm0005366,Jay Roach,1957,\N,"producer,director,writer","tt6394270,tt3203606,tt0109303,tt0118655",nm0005366
nm0005367,Brian Robbins,1963,\N,"producer,actor,writer","tt0174432,tt0477051,tt0393162,tt0090444",nm0005367
nm0005436,John Singleton,1968,2019,"producer,writer,director","tt0430105,tt0255819,tt0162650,tt0101507",nm0005436
nm0005509,Jon Turteltaub,1963,\N,"producer,director,writer","tt0114924,tt0106611,tt0368891,tt0117333",nm0005509
nm0005540,Keenen Ivory Wayans,1958,\N,"writer,producer,actor","tt0430304,tt0095348,tt0098830,tt0381707",nm0005540
nm0005647,Andrzej Bartkowiak,1950,\N,"cinematographer,director,producer","tt0165929,tt0111257,tt0419706,tt0242445",nm0005647
nm0006445,Éric Rohmer,1920,2010,"director,writer,actor","tt0086087,tt0065772,tt0064612,tt0087821",nm0006445
nm0007182,Alex Cox,1954,\N,"actor,director,writer","tt0087995,tt0488604,tt0943982,tt0091954",nm0007182
nm0007672,Eduard Abalov,1927,1987,"actor,director","tt0055468,tt0781088,tt13958882,tt0072141",nm0007672
nm0009190,J.J. Abrams,1966,\N,"producer,writer,music_department","tt2527338,tt0411008,tt2488496,tt0796366",nm0009190
nm0011470,Andrew Adamson,1966,\N,"producer,director,writer","tt0126029,tt0298148,tt0363771,tt0499448",nm0011470
nm0014960,Alexandre Aja,1978,\N,"director,producer,writer","tt0464154,tt0338095,tt0454841,tt8364368",nm0014960
nm0021249,Roger Allers,1949,\N,"art_department,writer,director","tt0084827,tt0110357,tt0103639,tt0101414",nm0021249
nm0024622,Alejandro Amenábar,1972,\N,"writer,director,composer","tt0117883,tt0369702,tt0230600,tt0125659",nm0024622
nm0026442,Brad Anderson,1964,\N,"director,producer,writer","tt0800241,tt0119778,tt0261983,tt0361862",nm0026442
nm0027271,Paul W.S. Anderson,1965,\N,"writer,director,producer","tt0113855,tt0119081,tt0318627,tt1509767",nm0027271
nm0027572,Wes Anderson,1969,\N,"writer,director,producer","tt8847712,tt0432283,tt0265666,tt0128445",nm0027572
nm0027815,Roy Andersson,1943,\N,"director,writer,editor","tt0065955,tt0445336,tt1883180,tt0120263",nm0027815
nm0030735,Nimród Antal,1973,\N,"director,actor,writer","tt0985694,tt1424381,tt2172935,tt0373981",nm0030735
nm0031976,Judd Apatow,1967,\N,"producer,writer,director","tt0405422,tt9686708,tt0478311,tt1723816",nm0031976
nm0037136,Guel Arraes,1953,\N,"director,writer,producer","tt0367975,tt0271383,tt0222542,tt0416979",nm0037136
nm0038432,Kelly Asbury,1960,2020,"art_department,animation_department,director","tt0377981,tt0101414,tt0166813,tt0298148",nm0038432
nm0038896,Rodney Ascher,\N,\N,"director,editor,producer","tt9847360,tt1536483,tt2085910,tt3317522",nm0038896
nm0043742,David Ayer,1968,\N,"writer,producer,director","tt0433387,tt1386697,tt1742334,tt1855199",nm0043742
nm0048918,Sean Baker,1971,\N,"writer,producer,director","tt5649144,tt3824458,tt13453006,tt2035630",nm0048918
nm0049633,Kyle Balda,1971,\N,"animation_department,director,visual_effects","tt5113044,tt3469046,tt1482459,tt2293640",nm0049633
nm0054077,Paris Barclay,1956,\N,"producer,director,writer","tt0106079,tt0835434,tt0368479,tt1124373",nm0054077
nm0057003,Fábio Barreto,1957,2019,"director,actor,writer","tt0084134,tt0114212,tt0120505,tt0093447",nm0057003
nm0065442,Jacques Becker,1906,1960,"writer,director,assistant_director","tt0041800,tt0039155,tt0054407,tt0043386",nm0065442
nm0067457,Timur Bekmambetov,1961,\N,"producer,director,writer","tt0409904,tt2638144,tt7826276,tt0403358",nm0067457
nm0069715,Rémy Belvaux,1966,2006,"director,actor,writer","tt0103905,tt2319847,tt0105098,tt0351540",nm0069715
nm0070436,Steve Bendelack,\N,\N,"director,miscellaneous,art_department","tt0086807,tt1844923,tt0453451,tt10601438",nm0070436
nm0073688,Alec Berg,\N,\N,"producer,writer,miscellaneous","tt5348176,tt0312528,tt0264235,tt2575988",nm0073688
nm0074426,Bibo Bergeron,\N,\N,"art_department,animation_department,director","tt0138749,tt0307453,tt0961097,tt0424095",nm0074426
nm0075849,Shari Springer Berman,1963,\N,"director,writer,producer","tt10962368,tt0158831,tt0489237,tt0305206",nm0075849
nm0082366,Anna Biller,\N,\N,"director,writer,costume_designer","tt3908142,tt0331366,tt0331355,tt0393956",nm0082366
nm0082450,Paul Feig,1962,\N,"producer,actor,director","tt0193676,tt2404463,tt0110006,tt3079380",nm0082450
nm0083348,Brad Bird,1957,\N,"miscellaneous,writer,director","tt0129167,tt0382932,tt0317705,tt3606756",nm0083348
nm0084502,Fabrício Bittar,1980,\N,"director,producer,actor","tt6791886,tt11216740,tt14623808,tt8753660",nm0084502
nm0086301,Macon Blair,\N,\N,"actor,writer,producer","tt2359024,tt4062536,tt0878695,tt1800302",nm0086301
nm0088955,Neill Blomkamp,1979,\N,"director,writer,visual_effects","tt1823672,tt1136608,tt1535108,tt13392012",nm0088955
nm0093051,Uwe Boll,1965,\N,"producer,director,writer","tt0460780,tt0383222,tt0486640,tt0369226",nm0093051
nm0094435,Bong Joon Ho,1969,\N,"writer,producer,director","tt1216496,tt6751668,tt3967856,tt1706620",nm0094435
nm0095298,André Bonzel,1961,\N,"cinematographer,director,camera_department","tt8122738,tt0103905,tt0351540,tt2084981",nm0095298
nm0095321,Robert Boocheck,1976,\N,"director,writer,actor","tt2264774,tt0823650,tt5861630,tt2926810",nm0095321
nm0101047,David Bowers,\N,\N,"animation_department,director,writer","tt1650043,tt2023453,tt0424095,tt0375568",nm0101047
nm0101385,Rob Bowman,1960,\N,"producer,director,actor","tt0253556,tt0106179,tt0357277,tt0120902",nm0101385
nm0105169,Ash Brannon,1969,\N,"writer,producer,animation_department","tt0097757,tt0120363,tt0423294,tt11126994",nm0105169
nm0107774,Eric Bress,\N,\N,"writer,producer,director","tt0289879,tt6508228,tt1144884,tt0309593",nm0107774
nm0107788,Júlio Bressane,1946,\N,"director,writer,producer","tt0182478,tt0368726,tt14763720,tt3102382",nm0107788
nm0109359,Steven Brill,1962,\N,"writer,actor,producer","tt0104868,tt9036126,tt0185431,tt0110006",nm0109359
nm0116497,John Bruno,\N,\N,"animation_department,art_department,visual_effects","tt0103064,tt0499549,tt0120338,tt0096754",nm0116497
nm0118333,Chris Buck,1958,\N,"animation_department,director,writer","tt2294629,tt4520988,tt0423294,tt0114148",nm0118333
nm0126096,James Ward Byrkit,\N,\N,"director,writer,art_department","tt3890160,tt1192628,tt3387542,tt2866360",nm0126096
nm0127373,Louis C.K.,1967,\N,"writer,producer,actor","tt3203606,tt1492966,tt1800241,tt5425186",nm0127373
nm0132709,Martin Campbell,1943,\N,"director,producer,actor","tt0190865,tt0381061,tt0113189,tt0120746",nm0132709
nm0138809,John Carney,1972,\N,"director,producer,writer","tt0907657,tt3544112,tt0221559,tt1980929",nm0138809
nm0142286,D.J. Caruso,1965,\N,"director,producer,writer","tt0113972,tt1464540,tt1059786,tt0107843",nm0142286
nm0149196,Nuri Bilge Ceylan,1959,\N,"producer,director,writer","tt1233381,tt0498097,tt1827487,tt2758880",nm0149196
nm0153078,Larry Charles,1956,\N,"producer,writer,miscellaneous","tt1645170,tt0098904,tt0889583,tt0264235",nm0153078
nm0154716,Stephen Chbosky,1970,\N,"writer,producer,director","tt1659337,tt2771200,tt2543472",nm0154716
nm0160840,Jon M. Chu,1979,\N,"producer,writer,director","tt3110958,tt1702443,tt1023481,tt1583421",nm0160840
nm0163706,Bob Clark,1939,2007,"director,writer,producer","tt0118665,tt0071222,tt0084522,tt0085334",nm0163706
nm0166256,Ron Clements,1953,\N,"writer,director,miscellaneous","tt3521164,tt0103639,tt0119282,tt0780521",nm0166256
nm0166836,Edward F. Cline,1891,1961,"director,actor,writer","tt0012255,tt0011071,tt0011508,tt0011984",nm0166836
nm0169806,Taika Waititi,1975,\N,"producer,writer,actor","tt1560139,tt2584384,tt4698684,tt3416742",nm0169806
nm0171253,Warren Coleman,\N,\N,"actor,writer,director","tt0366548,tt1219342,tt1402488,tt0107930",nm0171253
nm0174374,Bill Condon,1955,\N,"director,writer,producer","tt0299658,tt0443489,tt0362269,tt0120684",nm0174374
nm0175730,David Worth,1940,\N,"cinematographer,director,assistant_director","tt12709774,tt0097659,tt0088380,tt0093260",nm0175730
nm0177896,Bradley Cooper,1975,\N,"actor,producer,soundtrack","tt2179136,tt1045658,tt1517451,tt1800241",nm0177896
nm0178997,Frank Coraci,1966,\N,"director,actor,writer","tt0120484,tt0327437,tt0389860,tt0120888",nm0178997
nm0181741,Don Coscarelli,1954,\N,"writer,director,producer","tt0281686,tt0079714,tt1783732,tt0083630",nm0181741
nm0185848,Eli Craig,1972,\N,"director,actor,writer","tt1465522,tt0186566,tt2937366,tt0144814",nm0185848
nm0190859,Alfonso Cuarón,1961,\N,"writer,producer,director","tt0245574,tt0206634,tt1454468,tt6155172",nm0190859
nm0191717,Jill Culton,\N,\N,"animation_department,art_department,writer","tt0198781,tt0400717,tt6324278,tt0120623",nm0191717
nm0192446,Sean S. Cunningham,1941,\N,"producer,writer,director","tt0758746,tt0329101,tt0211443,tt0080761",nm0192446
nm0193485,Richard Curtis,1956,\N,"writer,producer,director","tt0314331,tt0109831,tt2194499,tt1131729",nm0193485
nm0197855,John Francis Daley,1985,\N,"actor,writer,producer","tt2250912,tt0348333,tt1524930,tt0460627",nm0197855
nm0201509,Eric Darnell,1961,\N,"writer,miscellaneous,director","tt0120587,tt0351283,tt0479952,tt13050556",nm0201509
nm0205542,Tamra Davis,1962,\N,"director,producer,editor","tt0275022,tt0120693,tt0104377,tt0112508",nm0205542
nm0208854,Rolf de Heer,1951,\N,"producer,director,writer","tt0466399,tt3244512,tt0106341,tt0338706",nm0208854
nm0210320,Kirk DeMicco,1969,\N,"writer,director,soundtrack","tt6338498,tt0376105,tt0481499,tt3874544",nm0210320
nm0211823,Steven E. de Souza,1947,\N,"writer,producer,miscellaneous","tt0088944,tt0083511,tt0325703,tt0095016",nm0211823
nm0213450,Dean DeBlois,1970,\N,"writer,animation_department,art_department","tt0275847,tt0892769,tt1646971,tt2386490",nm0213450
nm0214036,Ed Decter,1959,\N,"writer,producer,miscellaneous","tt0306841,tt0241760,tt0405469,tt0129387",nm0214036
nm0215455,Ronnie Del Carmen,1959,\N,"art_department,animation_department,miscellaneous","tt0166813,tt2096673,tt0111970,tt1049413",nm0215455
nm0218621,James DeMonaco,1969,\N,"writer,producer,director","tt2975578,tt4094724,tt2184339,tt6133466",nm0218621
nm0220600,Scott Derrickson,1966,\N,"producer,director,writer","tt1922777,tt2377322,tt1211837,tt7144666",nm0220600
nm0223964,Fernando Di Leo,1932,2003,"writer,director,actor","tt0067429,tt0072010,tt0069818,tt0068902",nm0223964
nm0228262,Mark DiSalle,\N,\N,"producer,actor,writer","tt4824302,tt3082898,tt0092675,tt0097659",nm0228262
nm0228542,Christian Ditter,1977,\N,"director,writer,producer","tt1638002,tt1292566,tt9849210,tt0803100",nm0228542
nm0230032,Pete Docter,1968,\N,"producer,writer,director","tt2096673,tt1049413,tt0910970,tt2948372",nm0230032
nm0230859,Xavier Dolan,1989,\N,"actor,director,writer","tt1600524,tt3612616,tt2427892,tt1424797",nm0230859
nm0231596,Andrew Dominik,1967,\N,"director,writer,camera_department","tt0221073,tt0443680,tt1655389,tt1764234",nm0231596
nm0235719,John Erick Dowdle,1972,\N,"writer,director,producer","tt1082868,tt1781922,tt2870612,tt1314655",nm0235719
nm0236226,Michael Dowse,1973,\N,"director,writer,producer","tt1456635,tt7734218,tt1486834,tt0388139",nm0236226
nm0240797,Dennis Dugan,1946,\N,"actor,director,producer","tt0960144,tt0116483,tt0077070,tt0142342",nm0240797
nm0242757,Sam Dunn,\N,\N,"producer,director,writer","tt1545103,tt4130418,tt0478209,tt3228830",nm0242757
nm0245888,Jesse Dylan,1966,\N,"director,producer,writer","tt0328828,tt0278488,tt0384642",nm0245888
nm0248942,Uli Edel,1947,\N,"director,writer,producer","tt0082176,tt0097714,tt2293522,tt0765432",nm0248942
nm0249291,Joel Edgerton,1974,\N,"actor,writer,producer","tt1343092,tt4178092,tt7008872,tt4669986",nm0249291
nm0249897,Cory Edwards,1968,\N,"writer,actor,director","tt0443536,tt0138359,tt0765446,tt0844993",nm0249897
nm0250410,Todd Edwards,1971,\N,"writer,director,actor","tt1019442,tt0138359,tt13609712,tt0443536",nm0250410
nm0254786,David R. Ellis,1952,2013,"stunts,assistant_director,actor","tt0234215,tt0149261,tt0417148,tt0337921",nm0254786
nm0262595,Bruce A. Evans,1946,\N,"writer,producer,director","tt0092005,tt0780571,tt0104647,tt0088172",nm0262595
nm0263878,Audrey Ewell,\N,\N,"producer,director,editorial_department","tt1014809,tt6752848,tt4282808,tt2201488",nm0263878
nm0266777,Stefen Fangmeier,1960,\N,"visual_effects,director,producer","tt0177971,tt0449010,tt5315064,tt0107290",nm0266777
nm0267287,Coralie Fargeat,\N,\N,"director,writer,assistant_director","tt4268262,tt6738136,tt17526714,tt0396909",nm0267287
nm0269463,Jon Favreau,1966,\N,"producer,actor,director","tt0117802,tt0371746,tt2883512,tt4154796",nm0269463
nm0269502,John Fawcett,1968,\N,"director,producer,writer","tt0411267,tt0210070,tt0118763,tt2234222",nm0269502
nm0275244,Larry Fessenden,1963,\N,"actor,producer,director","tt0275067,tt0113241,tt1464580,tt1172994",nm0275244
nm0276169,Tom Holland,1943,\N,"actor,writer,director","tt0086154,tt0089175,tt0094862,tt0117894",nm0276169
nm0277342,Michael Fimognari,\N,\N,"cinematographer,producer,director","tt13444912,tt10676012,tt5606664,tt6763664",nm0277342
nm0281508,Ruben Fleischer,1974,\N,"producer,director,writer","tt1321870,tt1464335,tt1156398,tt1270797",nm0281508
nm0281808,Victor Fleming,1889,1949,"director,cinematographer,producer","tt0030848,tt0032138,tt0031381,tt0035959",nm0281808
nm0291205,David Frankel,1959,\N,"producer,director,writer","tt0185906,tt0096566,tt1196956,tt0458352",nm0291205
nm0292735,Fab 5 Freddy,1959,\N,"actor,director,producer","tt0084904,tt0102526,tt0368008,tt1365050",nm0292735
nm0294379,Juan Carlos Fresnadillo,1967,\N,"producer,director,writer","tt0116233,tt0463854,tt0220580,tt1634121",nm0294379
nm0294457,Thor Freudenthal,1972,\N,"director,writer,producer","tt1854564,tt0440979,tt1196141,tt3848206",nm0294457
nm0297935,Kinji Fukasaku,1930,2003,"director,writer,actor","tt0109430,tt0082601,tt0080768,tt0266308",nm0297935
nm0298807,Antoine Fuqua,1965,\N,"director,producer,actor","tt2404435,tt1798684,tt0139654,tt0455944",nm0298807
nm0299134,Jorge Furtado,1959,\N,"writer,director,miscellaneous","tt0322629,tt7216954,tt0367859,tt0416979",nm0299134
nm0299173,Kazuhiro Furuhashi,\N,\N,"director,art_department,animation_department","tt13706018,tt1587790,tt7058854,tt7343832",nm0299173
nm0307497,Alex Garland,1970,\N,"writer,producer,director","tt0470752,tt13841850,tt0289043,tt2798920",nm0307497
nm0315041,Ricky Gervais,1961,\N,"writer,producer,actor","tt0445114,tt1058017,tt0995039,tt0290978",nm0315041
nm0315065,Sacha Gervasi,1966,\N,"writer,director,producer","tt1311076,tt0975645,tt0362227,tt1157605",nm0315065
nm0319659,Dan Gilroy,1959,\N,"writer,director,producer","tt7043012,tt2872718,tt3731562,tt6000478",nm0319659
nm0322242,Jonathan Glazer,1965,\N,"director,writer,producer","tt0337876,tt1441395,tt0203119",nm0322242
nm0324875,Menahem Golan,1929,2014,"producer,writer,director","tt0089489,tt0090859,tt0093692,tt0080380",nm0324875
nm0326246,Jonathan Goldstein,1969,\N,"producer,writer,miscellaneous","tt1499658,tt2906216,tt2704998,tt2250912",nm0326246
nm0327273,Michel Gondry,1963,\N,"director,writer,producer","tt0799934,tt0338013,tt1618445,tt0354899",nm0327273
nm0327944,Alejandro G. Iñárritu,1963,\N,"producer,director,writer","tt2562232,tt1663202,tt1164999,tt0449467",nm0327944
nm0331532,Raja Gosnell,1958,\N,"editor,director,editorial_department","tt0331632,tt0267913,tt0151738,tt0208003",nm0331532
nm0336620,F. Gary Gray,1969,\N,"director,actor,producer","tt0317740,tt0117603,tt0113118,tt0120768",nm0336620
nm0337773,David Gordon Green,1975,\N,"producer,director,writer","tt2195548,tt1502407,tt0262432,tt10665338",nm0337773
nm0340436,Kevin Greutert,1965,\N,"editor,editorial_department,director","tt0482606,tt2300975,tt8508734,tt1233227",nm0340436
nm0344259,J. Mackye Gruber,\N,\N,"writer,producer,director","tt0156374,tt0289879,tt3520666,tt0756509",nm0344259
nm0345174,Luca Guadagnino,1971,\N,"director,producer,writer","tt1226236,tt2056771,tt1034415,tt5726616",nm0345174
nm0348181,James Gunn,1966,\N,"writer,producer,director","tt0439815,tt1333125,tt3896198,tt2015381",nm0348181
nm0349785,Alice Guy,1873,1968,"director,producer,writer","tt0005790,tt0003365,tt0003676,tt0004833",nm0349785
nm0352524,David Hackl,\N,\N,"production_designer,director,producer","tt1132626,tt7615052,tt1694021,tt3727202",nm0352524
nm0353673,Paul Haggis,1953,\N,"writer,producer,miscellaneous","tt0405159,tt0108756,tt0375679,tt0478134",nm0353673
nm0354691,John Halas,1912,1995,"producer,director,writer","tt0793564,tt0047834,tt0056841,tt0082509",nm0354691
nm0359387,John Lee Hancock,1956,\N,"writer,director,producer","tt0878804,tt10016180,tt1860242,tt2140373",nm0359387
nm0359734,Michael Haneke,1942,\N,"director,writer,actor","tt1602620,tt0119167,tt1149362,tt0387898",nm0359734
nm0362566,Catherine Hardwicke,1955,\N,"director,production_designer,producer","tt0355702,tt1099212,tt5941692,tt0328538",nm0362566
nm0366004,Mary Harron,1953,\N,"director,producer,writer","tt0404802,tt1034007,tt0144084,tt0116594",nm0366004
nm0371755,Jimmy Hayward,\N,\N,"animation_department,actor,director","tt0451079,tt0358082,tt1075747,tt1621039",nm0371755
nm0379179,Mark Herman,1954,\N,"writer,director,producer","tt0914798,tt0147004,tt0115744,tt0246875",nm0379179
nm0381230,Michael Herz,1949,\N,"producer,miscellaneous,director","tt0090190,tt0117609,tt0096310,tt0098503",nm0381230
nm0384722,Tim Hill,1958,\N,"writer,producer,director","tt0345950,tt0101235,tt0952640,tt0206512",nm0384722
nm0384864,Stephen Hillenburg,1961,2018,"writer,producer,animation_department","tt0206512,tt0345950,tt5774060,tt0106115",nm0384864
nm0385349,Robert Hiltzik,1957,\N,"writer,producer,director","tt0382943,tt3581618,tt0096118,tt0086320",nm0385349
nm0386570,Oliver Hirschbiegel,1957,\N,"director,actor,writer","tt0427392,tt1238291,tt0363163,tt0250258",nm0386570
nm0386706,Leon Hirszman,1938,1987,"director,writer,producer","tt0185714,tt0322723,tt0082317,tt0061697",nm0386706
nm0387706,Gregory Hoblit,1944,\N,"producer,director,actor","tt0081873,tt0106079,tt0117381,tt0186151",nm0387706
nm0394280,Stephen Hopkins,1958,\N,"producer,director,miscellaneous","tt0352520,tt0120738,tt0100403,tt0097981",nm0394280
nm0394776,Sherry Hormann,1960,\N,"director,writer,assistant_director","tt1054580,tt0102284,tt9248340,tt0375911",nm0394776
nm0396884,Robert Houston,1955,\N,"director,writer,actor","tt0078723,tt0077681,tt0081506,tt0353737",nm0396884
nm0397174,Byron Howard,1968,\N,"animation_department,director,producer","tt0398286,tt2953050,tt2948356,tt0397892",nm0397174
nm0398555,Ágnes Hranitzky,1945,\N,"editor,editorial_department,miscellaneous","tt0249241,tt1316540,tt0415127,tt0425624",nm0398555
nm0400436,Albert Hughes,1972,\N,"producer,director,writer","tt0107554,tt4244998,tt0120681,tt1037705",nm0400436
nm0400441,Allen Hughes,1972,\N,"producer,director,writer","tt1037705,tt0112819,tt0107554,tt0120681",nm0400441
nm0401203,Raman Hui,1963,\N,"animation_department,director,art_department","tt0298148,tt0413267,tt0126029,tt3781476",nm0401203
nm0416036,Juraj Jakubisko,1938,\N,"director,writer,cinematographer","tt0061884,tt0119771,tt0089800,tt0469640",nm0416036
nm0421314,Anders Thomas Jensen,1972,\N,"writer,script_department,director","tt11655202,tt0418455,tt1340107,tt3877674",nm0421314
nm0421776,Vicky Jenson,\N,\N,"art_department,animation_department,director","tt0307453,tt1142433,tt0126029",nm0421776
nm0422605,Zhangke Jia,1970,\N,"producer,director,writer","tt7298400,tt0859765,tt2852400,tt3740778",nm0422605
nm0423524,Alejandro Jodorowsky,1929,\N,"writer,director,actor","tt2301592,tt0098253,tt0071615,tt0067866",nm0423524
nm0425364,Jesse V. Johnson,1971,\N,"stunts,director,writer","tt8836988,tt10933680,tt15141632,tt14686544",nm0425364
nm0425756,Mark Steven Johnson,1964,\N,"writer,director,producer","tt11100856,tt15463032,tt4575576,tt0107050",nm0425756
nm0426059,Rian Johnson,1973,\N,"director,writer,producer","tt2527336,tt0393109,tt8946378,tt1276104",nm0426059
nm0426287,Susan Johnson,1970,\N,"producer,director,miscellaneous","tt0377091,tt4587780,tt3846674,tt2989524",nm0426287
nm0426333,Tim Johnson,\N,\N,"director,producer,miscellaneous","tt0892769,tt0120587,tt2224026,tt0327084",nm0426333
nm0429964,Gregor Jordan,1966,\N,"director,actor,writer","tt0252299,tt0277941,tt0143914,tt0145547",nm0429964
nm0431918,Mike Judge,1962,\N,"writer,producer,actor","tt0118375,tt0105950,tt0151804,tt0115641",nm0431918
nm0432627,Gil Junger,1954,\N,"producer,director,miscellaneous","tt0147800,tt0265087,tt0108761,tt5929654",nm0432627
nm0436780,Makoto Kamiya,\N,\N,"miscellaneous,visual_effects,director","tt0267287,tt1174954,tt1525835,tt3775202",nm0436780
nm0440913,Mathieu Kassovitz,1967,\N,"actor,director,producer","tt0113247,tt0119116,tt0211915,tt0228786",nm0440913
nm0442100,Boris Kaufman,1906,1980,"cinematographer,camera_department,director","tt0024844,tt0047296,tt0048973,tt0050083",nm0442100
nm0442207,Lloyd Kaufman,1945,\N,"actor,producer,director","tt3039472,tt0096310,tt0090190,tt7290030",nm0442207
nm0443411,Tony Kaye,1952,\N,"director,cinematographer,producer","tt0120586,tt1683526,tt3258298,tt0841119",nm0443411
nm0446819,Richard Kelly,1975,\N,"writer,producer,director","tt0246578,tt0405336,tt0421054,tt0362478",nm0446819
nm0449984,Irvin Kershner,1923,2010,"director,cinematographer,actor","tt0100502,tt0086006,tt0080684,tt0110725",nm0449984
nm0451076,Franck Khalfoun,\N,\N,"director,actor,writer","tt0804516,tt6341832,tt2103217,tt0464154",nm0451076
nm0452102,Abbas Kiarostami,1940,2016,"writer,director,editor","tt1020773,tt0111845,tt0209463,tt0120265",nm0452102
nm0452319,Beeban Kidron,1961,\N,"director,producer,writer","tt0098032,tt0317198,tt0114682,tt3101474",nm0452319
nm0453518,Jee-woon Kim,1964,\N,"director,writer,producer","tt0901487,tt0365376,tt1588170,tt0456912",nm0453518
nm0454790,Jack King,1895,1958,"director,animation_department,miscellaneous","tt0029257,tt0046593,tt0055382,tt0372871",nm0454790
nm0459552,Elem Klimov,1933,2003,"director,actor,writer","tt0081991,tt0091251,tt0058022,tt0155028",nm0459552
nm0462030,Masaki Kobayashi,1916,1996,"director,writer,assistant_director","tt0061847,tt0053114,tt0055233,tt0056058",nm0462030
nm0466153,Hirokazu Koreeda,1962,\N,"director,writer,editor","tt0408664,tt1087578,tt8075192,tt2331143",nm0466153
nm0467646,Ted Kotcheff,1931,\N,"producer,director,actor","tt0083944,tt0071155,tt0067541,tt0098627",nm0467646
nm0467666,Marek Koterski,1942,\N,"director,writer,actor","tt0330243,tt0794399,tt0094393,tt7343732",nm0467666
nm0474955,Roger Kumble,1966,\N,"director,producer,writer","tt10362466,tt0433400,tt0139134,tt0253867",nm0474955
nm0476201,Karyn Kusama,1968,\N,"director,producer,writer","tt0210075,tt7137380,tt2400463,tt11041332",nm0476201
nm0476900,Fran Rubel Kuzui,\N,\N,"producer,director,writer","tt0103893,tt0162065,tt0096281,tt0124819",nm0476900
nm0477035,Corey Yuen,1951,\N,"actor,stunts,director","tt0094374,tt0425637,tt0106936,tt0293662",nm0477035
nm0481418,Richard LaGravenese,1959,\N,"writer,producer,director","tt0401711,tt0463998,tt1559547,tt1291580",nm0481418
nm0482537,René Laloux,1929,2004,"writer,director,actor","tt0070544,tt0084315,tt0309566,tt0095525",nm0482537
nm0482670,Ngai Choi Lam,\N,\N,"cinematographer,director,miscellaneous","tt0092705,tt0102293,tt0105796,tt0085163",nm0482670
nm0484907,Christopher Landon,1975,\N,"writer,producer,director","tt1727776,tt10919380,tt8155288,tt2473682",nm0484907
nm0487166,Yorgos Lanthimos,1973,\N,"director,writer,producer","tt5083738,tt5715874,tt3464902,tt1379182",nm0487166
nm0490133,Stan Lathan,1945,\N,"director,producer,writer","tt10810424,tt2354049,tt0171219,tt2608368",nm0490133
nm0490487,Andrew Lau,1960,\N,"cinematographer,director,producer","tt0834902,tt0338564,tt10218664,tt0369060",nm0490487
nm0498555,Tony Leech,1968,\N,"writer,editor,director","tt0443536,tt7236054,tt0765446,tt4601504",nm0498555
nm0499724,Michael Lehmann,1957,\N,"director,producer,miscellaneous","tt0102070,tt0243736,tt1844624,tt0097493",nm0499724
nm0500444,Danny Leiner,1961,2018,"director,producer,writer","tt0116841,tt0242423,tt0366551,tt0402230",nm0500444
nm0500610,David Leitch,\N,\N,"stunts,producer,actor","tt2406566,tt6806448,tt5463162,tt2911666",nm0500610
nm0501185,Michael Lembeck,1948,\N,"director,actor,soundtrack","tt0808510,tt0074014,tt0108778,tt0079336",nm0501185
nm0502954,John R. Leonetti,1956,\N,"cinematographer,camera_department,director","tt1457767,tt3322940,tt2226417,tt0119707",nm0502954
nm0503777,Mervyn LeRoy,1900,1987,"director,producer,actor","tt0056048,tt0048380,tt0043949,tt0032138",nm0503777
nm0504642,Louis Leterrier,1973,\N,"director,producer,actor","tt0800080,tt0800320,tt0342258,tt1670345",nm0504642
nm0506613,Shawn Levy,1968,\N,"producer,director,actor","tt1714206,tt2463208,tt2543164,tt6264654",nm0506613
nm0506977,Bradford Lewis,\N,\N,"visual_effects,producer,actor","tt0120201,tt0382932,tt2386490,tt0181689",nm0506977
nm0509448,Jonathan Liebesman,1976,\N,"director,producer,writer","tt1217613,tt0259323,tt0282209,tt1291150",nm0509448
nm0510731,Doug Liman,1965,\N,"producer,director,miscellaneous","tt0117802,tt0977855,tt0139239,tt1631867",nm0510731
nm0510912,Justin Lin,1971,\N,"producer,director,writer","tt2660888,tt5433138,tt1905041,tt0280477",nm0510912
nm0515005,Sam Liu,\N,\N,"art_department,director,producer","tt4853102,tt0398417,tt2329077,tt7167630",nm0515005
nm0515891,Luis Llosa,1951,\N,"producer,writer,director","tt0108171,tt0111255,tt0118615,tt0094918",nm0515891
nm0516360,Ken Loach,1936,\N,"director,writer,producer","tt5168192,tt1924394,tt0460989,tt0064541",nm0516360
nm0518836,Kenneth Lonergan,1962,\N,"writer,actor,director","tt0217505,tt4034228,tt0466893,tt0203230",nm0518836
nm0519594,Andrew Loo,\N,\N,"production_manager,producer,miscellaneous","tt10218664,tt1396523,tt1541995,tt0473356",nm0519594
nm0520283,Konstantin Lopushanskiy,1947,\N,"director,writer,script_department","tt0091759,tt0439581,tt0173024,tt2972828",nm0520283
nm0520485,Peter Lord,1953,\N,"producer,animation_department,director","tt0424095,tt0312004,tt0435939,tt0120630",nm0520485
nm0520488,Phil Lord,1975,\N,"producer,writer,director","tt3513498,tt0305011,tt1490017,tt4633694",nm0520488
nm0522393,Nick Love,1969,\N,"writer,producer,director","tt0385705,tt8038720,tt1470827,tt0857190",nm0522393
nm0525659,Robert Luketic,1973,\N,"director,producer,writer","tt1103153,tt1142988,tt0369735,tt0250494",nm0525659
nm0525910,Louis Lumière,1864,1948,"producer,director,cinematographer","tt6231346,tt2461054,tt0000014,tt1167665",nm0525910
nm0526199,Kátia Lund,1966,\N,"director,writer,assistant_director","tt10445014,tt0118615,tt0296108,tt0317248",nm0526199
nm0527261,Patrick Lussier,\N,\N,"editor,editorial_department,director","tt0219653,tt1179891,tt1340138,tt1502404",nm0527261
nm0528381,Liam Lynch,1970,\N,"director,soundtrack,music_department","tt0332379,tt0305011,tt0189308,tt0365830",nm0528381
nm0532235,Seth MacFarlane,1973,\N,"writer,producer,music_department","tt2557490,tt0182576,tt0397306,tt1637725",nm0532235
nm0533284,David Mackenzie,1966,\N,"director,writer,producer","tt0466816,tt1439572,tt2567712,tt2582782",nm0533284
nm0536632,Sharon Maguire,1960,\N,"director,producer,writer","tt1896747,tt0243155,tt1473832,tt0984200",nm0536632
nm0541635,David Mandel,1971,\N,"writer,producer,director","tt0098904,tt0312528,tt0264235,tt1759761",nm0541635
nm0549658,Richard Marquand,1937,1987,"director,producer,writer","tt0089360,tt0086190,tt1043199,tt0107711",nm0549658
nm0551076,Neil Marshall,1970,\N,"producer,director,writer","tt0280609,tt0435625,tt0483607,tt9182964",nm0551076
nm0553942,Steve Martino,1959,\N,"director,miscellaneous,art_department","tt0358082,tt2452042,tt5814534,tt0451079",nm0553942
nm0554890,Juan Martínez Moreno,\N,\N,"writer,assistant_director,director","tt1282257,tt1650555,tt2926810,tt0380323",nm0554890
nm0559564,Toshio Matsumoto,1932,2017,"director,writer,editor","tt0064068,tt0228477,tt0165473,tt0223154",nm0559564
nm0560277,Erik Matti,1970,\N,"writer,director,producer","tt4498800,tt2717558,tt20467864,tt5938084",nm0560277
nm0562266,John Maybury,1958,\N,"director,writer,editor","tt0366627,tt0119577,tt0110967",nm0562266
nm0563301,Craig Mazin,1971,\N,"writer,producer,soundtrack","tt2024432,tt2381991,tt7366338,tt1411697",nm0563301
nm0565336,Tom McCarthy,1966,\N,"actor,producer,writer","tt0340377,tt1895587,tt0857191,tt1606392",nm0565336
nm0567620,John Michael McDonagh,1967,\N,"writer,director,producer","tt3708886,tt2234003,tt1540133",nm0567620
nm0569891,Tom McGrath,1964,\N,"writer,actor,animation_department","tt1277953,tt0479952,tt0351283,tt1911658",nm0569891
nm0570912,Adam McKay,1968,\N,"producer,writer,director","tt6266538,tt1596363,tt1386588,tt11286314",nm0570912
nm0573732,Sean McNamara,1962,\N,"producer,director,writer","tt0206511,tt1596346,tt2828884,tt3233418",nm0573732
nm0573796,John McNaughton,1950,\N,"director,writer,producer","tt0099763,tt0101502,tt0107473,tt0120890",nm0573796
nm0574625,James McTeigue,\N,\N,"director,assistant_director,producer","tt1186367,tt3247714,tt1486192,tt0434409",nm0574625
nm0576298,Olivier Megaton,1965,\N,"director,writer,assistant_director","tt1657507,tt0178655,tt1129442,tt2446042",nm0576298
nm0576987,Fernando Meirelles,1955,\N,"director,producer,writer","tt0387131,tt0861689,tt0317248,tt8404614",nm0576987
nm0580669,James Merendino,1969,\N,"writer,director,producer","tt2836166,tt0238321,tt0276773,tt0133189",nm0580669
nm0583600,Nancy Meyers,1949,\N,"writer,producer,director","tt0457939,tt0337741,tt0081375,tt1230414",nm0583600
nm0584297,Bret Michaels,1963,\N,"soundtrack,producer,actor","tt0119521,tt1336608,tt0390022,tt0356910",nm0584297
nm0586281,Takashi Miike,1960,\N,"director,actor,producer","tt1436045,tt0296042,tt0361668,tt0235198",nm0586281
nm0588087,Christopher Miller,1975,\N,"producer,writer,director","tt12614214,tt0305011,tt4633694,tt1490017",nm0588087
nm0588340,Frank Miller,1957,\N,"writer,producer,actor","tt0401792,tt0831887,tt0458481,tt0416449",nm0588340
nm0591450,Rob Minkoff,1962,\N,"producer,director,animation_department","tt0110357,tt0243585,tt0865556,tt0338094",nm0591450
nm0591994,Lexi Alexander,1974,\N,"director,writer,producer","tt0450314,tt0329245,tt19865716,tt0385002",nm0591994
nm0593014,Kenji Misumi,1921,1975,"director,assistant_director,writer","tt0123129,tt0056714,tt0059942,tt0081506",nm0593014
nm0593610,Mike Mitchell,1970,\N,"director,actor,writer","tt0892791,tt0892782,tt0194006,tt3513498",nm0593610
nm0594503,Hayao Miyazaki,1941,\N,"animation_department,director,art_department","tt0245429,tt0347149,tt0096283,tt0119698",nm0594503
nm0596261,José Mojica Marins,1936,2020,"actor,director,writer","tt0059440,tt0923683,tt0060380,tt0077517",nm0596261
nm0600546,Lukas Moodysson,1969,\N,"writer,director,camera_department","tt2364975,tt0150662,tt0300140,tt0203166",nm0600546
nm0601337,Jason Moore,1970,\N,"director,actor,producer","tt1981677,tt4765284,tt2848292,tt1850457",nm0601337
nm0601382,John Moore,1970,\N,"director,camera_department,producer","tt0466909,tt0467197,tt0377062,tt0159273",nm0601382
nm0601619,Michael Moore,1954,\N,"director,producer,writer","tt0310793,tt0386032,tt0361596,tt1232207",nm0601619
nm0601781,Rich Moore,1963,\N,"miscellaneous,director,animation_department","tt5848272,tt2948356,tt0149460,tt1772341",nm0601781
nm0603628,Pierre Morel,1964,\N,"camera_department,cinematographer,director","tt1179034,tt0936501,tt2515034,tt0414852",nm0603628
nm0606597,Iain Morris,1973,\N,"producer,writer,script_department","tt7908628,tt3097204,tt1220617,tt1716772",nm0606597
nm0606688,Judy Morris,1947,\N,"actress,writer,soundtrack","tt0120595,tt0366548,tt1600207,tt0076542",nm0606688
nm0609236,Jonathan Mostow,1961,\N,"director,producer,writer","tt0118771,tt0141926,tt0181852,tt0986263",nm0609236
nm0609549,Greg Mottola,1964,\N,"director,producer,writer","tt0116041,tt0829482,tt1091722,tt1082583",nm0609549
nm0610831,Gabriele Muccino,1967,\N,"director,writer,producer","tt0265930,tt0454921,tt0814314,tt2582502",nm0610831
nm0611683,Russell Mulcahy,1953,\N,"director,producer,writer","tt1567432,tt0432021,tt0091203",nm0611683
nm0613471,Jimmy T. Murakami,1933,2014,"director,animation_department,producer","tt0475527,tt0080421,tt0082509,tt0090315",nm0613471
nm0615592,Andy Muschietti,1973,\N,"producer,director,writer","tt1396484,tt2023587,tt1315885,tt7349950",nm0615592
nm0615780,John Musker,1953,\N,"writer,director,miscellaneous","tt0119282,tt0097757,tt3521164,tt0103639",nm0615780
nm0617130,Daniel Myrick,1963,\N,"writer,director,producer","tt0185937,tt0229260,tt1540011,tt0962711",nm0617130
nm0617588,Georges Méliès,1861,1938,"director,actor,producer","tt0215737,tt0000091,tt0223267,tt0002113",nm0617588
nm0619923,Olivier Nakache,1973,\N,"producer,director,writer","tt1675434,tt5699154,tt8655470,tt1404082",nm0619923
nm0622112,Vincenzo Natali,1969,\N,"art_department,director,producer","tt0284978,tt4687108,tt0123755,tt1017460",nm0622112
nm0625166,Barrie Nelson,\N,\N,"animation_department,director,art_department","tt0078480,tt0107614,tt13328694,tt0082509",nm0625166
nm0625747,Stanley Nelson,1955,\N,"producer,director,writer","tt4316236,tt0180545,tt1558952,tt0094416",nm0625747
nm0627920,Jeff Newitt,\N,\N,"animation_department,director,art_department","tt0424095,tt0120630,tt0206359,tt1430626",nm0627920
nm0629272,Andrew Niccol,1964,\N,"writer,director,producer","tt0120382,tt1517260,tt1637688,tt0119177",nm0629272
nm0629334,McG,1968,\N,"producer,director,miscellaneous","tt0160127,tt0305357,tt0438488,tt11024272",nm0629334
nm0632312,Johannes Stjärne Nilsson,\N,\N,"director,writer,producer","tt0375821,tt1278449,tt0283326,tt3454012",nm0632312
nm0634240,Christopher Nolan,1970,\N,"writer,producer,director","tt0482571,tt0816692,tt1375666,tt6723592",nm0634240
nm0636675,Jehane Noujaim,1974,\N,"director,producer,cinematographer","tt2379442,tt0391024,tt2486682,tt0256408",nm0636675
nm0637615,Gaspar Noé,1963,\N,"director,producer,writer","tt0290673,tt8359848,tt1191111,tt0157016",nm0637615
nm0639321,Dan O'Bannon,1946,2009,"writer,miscellaneous,actor","tt0090605,tt0078748,tt0089907,tt0069945",nm0639321
nm0650905,Kenny Ortega,1950,\N,"director,miscellaneous,producer","tt0962726,tt8022928,tt10183988,tt1592748",nm0650905
nm0651706,Mark Osborne,1970,\N,"director,producer,writer","tt0441773,tt0188913,tt0803000,tt1754656",nm0651706
nm0651900,Mamoru Oshii,1951,\N,"director,writer,art_department","tt0267287,tt1056437,tt0347246,tt0113568",nm0651900
nm0655683,José Padilha,1967,\N,"producer,director,writer","tt0340468,tt0861739,tt1234721,tt1555149",nm0655683
nm0661751,Dean Parisot,\N,\N,"director,producer,writer","tt1196948,tt0177789,tt1086064,tt1821694",nm0661751
nm0661791,Park Chan-wook,1963,\N,"producer,director,writer","tt0364569,tt0762073,tt4016934,tt0260991",nm0661791
nm0662529,Oliver Parker,1960,\N,"actor,director,producer","tt0114057,tt1634122,tt0964587,tt0278500",nm0662529
nm0669004,Richard Pearce,1943,\N,"director,cinematographer,producer","tt1286537,tt0079261,tt0406429,tt0082508",nm0669004
nm0671862,Roger Vadim,1928,2000,"writer,director,actor","tt0060271,tt0062711,tt0050929,tt0053002",nm0671862
nm0677037,Bob Peterson,1961,\N,"actor,writer,miscellaneous","tt0266543,tt0198781,tt2277860,tt1049413",nm0677037
nm0677880,Elio Petri,1929,1982,"writer,director,actor","tt0136225,tt0066919,tt0061320,tt0065889",nm0677880
nm0677953,Donald Petrie,1954,\N,"director,actor,producer","tt0212346,tt0107050,tt0095690,tt0251127",nm0677953
nm0680846,Todd Phillips,1970,\N,"producer,writer,director","tt0215129,tt7286456,tt1231583,tt0302886",nm0680846
nm0681852,Robbie Pickering,\N,\N,"writer,producer,director","tt1621426,tt4158110,tt5460226,tt11834592",nm0681852
nm0684336,Steve Pink,\N,\N,"director,writer,producer","tt1231587,tt0119229,tt2637294,tt0146882",nm0684336
nm0684342,Jan Pinkava,1963,\N,"producer,director,writer","tt0382932,tt0131409,tt0198781,tt0120623",nm0684342
nm0685759,Pitof,1957,\N,"visual_effects,producer,director","tt0112682,tt0118583,tt0327554,tt0164961",nm0685759
nm0687739,Bill Plympton,1946,\N,"director,animation_department,writer","tt0119346,tt1013607,tt2361846,tt0430159",nm0687739
nm0688143,Benoît Poelvoorde,1964,\N,"actor,writer,soundtrack","tt0103905,tt1565958,tt1035736,tt3792960",nm0688143
nm0688636,Laura Poitras,1964,\N,"producer,director,cinematographer","tt4044364,tt1522857,tt4425258",nm0688636
nm0692872,Ted Post,1918,2013,"director,writer,actor","tt0070355,tt0061747,tt0065462,tt0046660",nm0692872
nm0693376,Gerald Potterton,1931,2022,"writer,director,animation_department","tt0055849,tt0082509,tt0063823,tt0059631",nm0693376
nm0700301,Robert Pulcini,1964,\N,"director,writer,editor","tt0305206,tt7660850,tt1623742,tt0489237",nm0700301
nm0702797,Steven Quale,\N,\N,"director,assistant_director,miscellaneous","tt2106361,tt1622979,tt0499549,tt0096754",nm0702797
nm0705127,Paul Rachman,1962,\N,"director,editor,producer","tt0163296,tt0160289,tt0419434,tt0166173",nm0705127
nm0707963,Dennison Ramalho,\N,\N,"writer,director,assistant_director","tt2926810,tt7986672,tt0184786,tt1742091",nm0707963
nm0708903,Lynne Ramsay,1969,\N,"director,writer,producer","tt1242460,tt0300214,tt5742374,tt0171685",nm0708903
nm0709056,Peter Ramsey,1962,\N,"art_department,director,producer","tt0298814,tt4633694,tt0181689,tt1446192",nm0709056
nm0710020,Joe Ranft,1960,2005,"art_department,writer,actor","tt0092695,tt0114709,tt0120363,tt0317219",nm0710020
nm0711840,Brett Ratner,1969,\N,"producer,director,music_department","tt0289765,tt1267297,tt0120812,tt0376994",nm0711840
nm0712947,Nicholas Ray,1911,1979,"director,writer,actor","tt0048545,tt0075675,tt0079261,tt0042593",nm0712947
nm0715636,Peyton Reed,1964,\N,"director,producer,actor","tt5095030,tt0478970,tt0204946,tt1068680",nm0715636
nm0716257,Matt Reeves,1966,\N,"producer,writer,director","tt3450958,tt1877830,tt1228987,tt2103281",nm0716257
nm0716347,Nicolas Winding Refn,1970,\N,"writer,director,producer","tt1602613,tt0862467,tt1974419,tt0780504",nm0716347
nm0717603,Halina Reijn,1975,\N,"actress,producer,writer","tt0389557,tt8386898,tt8110652,tt0985699",nm0717603
nm0718646,Jason Reitman,1977,\N,"producer,director,writer","tt0427944,tt1193138,tt1967545,tt0467406",nm0718646
nm0719208,Chris Renaud,\N,\N,"producer,actor,director","tt1323594,tt2293640,tt1690953,tt1482459",nm0719208
nm0733790,Glauber Rocha,1939,1981,"director,writer,producer","tt0062352,tt0064256,tt0058006,tt0080910",nm0733790
nm0736622,Seth Rogen,1982,\N,"producer,actor,writer","tt1700841,tt0910936,tt1245492,tt0829482",nm0736622
nm0737442,Todd Rohal,\N,\N,"director,writer,editor","tt5467814,tt3394946,tt6351616,tt1772371",nm0737442
nm0742819,Rick Rosenthal,1949,\N,"director,producer,actor","tt3502262,tt0082495,tt0096635,tt0085210",nm0742819
nm0743093,Mark Rosman,1959,\N,"director,writer,producer","tt1232783,tt4815862,tt0119380,tt0356470",nm0743093
nm0744834,Eli Roth,1972,\N,"producer,actor,writer","tt0303816,tt0450278,tt0361748,tt0462322",nm0744834
nm0745247,Rodney Rothman,\N,\N,"writer,producer,director","tt4633694,tt3960412,tt2294449,tt0800039",nm0745247
nm0751577,Anthony Russo,1970,\N,"producer,director,writer","tt3498820,tt4154756,tt1843866,tt4154796",nm0751577
nm0751648,Joe Russo,1971,\N,"producer,director,writer","tt4154796,tt6710474,tt4154756,tt1843866",nm0751648
nm0754678,Paul Sabella,\N,\N,"producer,animation_department,production_manager","tt0081933,tt0158428,tt2234534,tt0082509",nm0754678
nm0757858,Carlos Saldanha,1965,\N,"director,producer,actor","tt0268380,tt0438097,tt1436562,tt2357291",nm0757858
nm0759207,Victor Salva,1958,\N,"writer,director,producer","tt0171698,tt0301470,tt0263488,tt0114168",nm0759207
nm0760508,Rachel Samuels,\N,\N,"director,writer,producer","tt2133559,tt0167379,tt0772165,tt0155425",nm0760508
nm0761498,Chris Sanders,1962,\N,"writer,actor,animation_department","tt0481499,tt0275847,tt0892769,tt0120762",nm0761498
nm0764601,Miguel Sapochnik,1974,\N,"director,producer,writer","tt0944947,tt1053424,tt3420504,tt11198330",nm0764601
nm0768959,Dan Scanlon,1976,\N,"miscellaneous,producer,writer","tt7146812,tt10298810,tt1453405,tt1437330",nm0768959
nm0769840,Jeff Schaffer,\N,\N,"producer,writer,director","tt0312528,tt0098904,tt0264235,tt0356150",nm0769840
nm0777498,Louie Schwartzberg,\N,\N,"visual_effects,director,cinematographer","tt2896898,tt0381006,tt1222816,tt6953912",nm0777498
nm0777881,Robert Schwentke,1968,\N,"director,writer,soundtrack","tt6763252,tt0790736,tt1245526,tt0297871",nm0777881
nm0781842,Peter Segal,1962,\N,"director,producer,writer","tt0425061,tt2126357,tt8242084,tt0110622",nm0781842
nm0786987,Rogério Sganzerla,1946,2004,"director,writer,producer","tt0389377,tt0145115,tt0144782,tt0145100",nm0786987
nm0795528,Esfir Shub,1894,1959,"editor,director,writer","tt2700646,tt2678618,tt2678846,tt2678736",nm0795528
nm0796117,M. Night Shyamalan,1970,\N,"producer,director,writer","tt0167404,tt0452637,tt0368447,tt0286106",nm0796117
nm0796923,Don Siegel,1912,1991,"director,producer,editorial_department","tt0066999,tt0079116,tt0067588,tt0049366",nm0796923
nm0798899,David Silverman,1957,\N,"producer,animation_department,miscellaneous","tt0462538,tt0096697,tt0198781,tt0107978",nm0798899
nm0800800,Ola Simonsson,\N,\N,"writer,director,producer","tt0950769,tt0375821,tt0283326,tt1278449",nm0800800
nm0811583,Zack Snyder,1966,\N,"director,producer,writer","tt0451279,tt0416449,tt12361974,tt0409459",nm0811583
nm0813164,Peter Sollett,1976,\N,"director,writer,cinematographer","tt0316188,tt0981227,tt0240507,tt1658801",nm0813164
nm0814085,Stephen Sommers,1962,\N,"producer,writer,director","tt1767354,tt0120616,tt0118956,tt1046173",nm0814085
nm0814469,Sion Sono,1961,\N,"director,writer,actor","tt13245934,tt0312843,tt1128075,tt2409302",nm0814469
nm0818485,Matt Spicer,1984,\N,"producer,director,writer","tt10271642,tt1379711,tt2553114,tt5962210",nm0818485
nm0820934,Anthony Stacchi,\N,\N,"director,animation_department,visual_effects","tt0099653,tt0787474,tt0400717,tt0102803",nm0820934
nm0821432,Chad Stahelski,1968,\N,"stunts,actor,producer","tt2911666,tt3498820,tt0234215,tt10838180",nm0821432
nm0828970,John Stevenson,\N,\N,"art_department,animation_department,director","tt0351283,tt0441773,tt0126029,tt0298148",nm0828970
nm0831349,Jack Stokes,1920,2013,"director,animation_department,art_department","tt0082509,tt0058790,tt0119947,tt0063823",nm0831349
nm0831557,Nicholas Stoller,1976,\N,"producer,writer,director","tt4438848,tt2281587,tt1204342,tt4624424",nm0831557
nm0833779,Colin Strause,1976,\N,"visual_effects,director,producer","tt1675192,tt2126355,tt0758730,tt1564585",nm0833779
nm0833780,Greg Strause,1975,\N,"visual_effects,director,producer","tt1675192,tt1564585,tt0319262,tt0758730",nm0833780
nm0835799,Mel Stuart,1928,2012,"producer,director,writer","tt0054050,tt0236702,tt0072582,tt0067992",nm0835799
nm0836328,John Sturges,1910,1992,"director,producer,editor","tt0054047,tt0047849,tt0057115,tt0050468",nm0836328
nm0840905,Jan Svankmajer,1934,\N,"director,writer,production_designer","tt0095715,tt0228687,tt1352765,tt0109781",nm0840905
nm0844301,Julian Harris,\N,\N,"animation_department,art_department,director","tt0122813,tt0082509,tt0454349,tt0218766",nm0844301
nm0844896,Eduardo Sánchez,1968,\N,"director,producer,writer","tt0229260,tt2450186,tt0185937,tt1988621",nm0844896
nm0846369,Christian Tafdrup,1978,\N,"actor,writer,director","tt6286796,tt5078330,tt1233198,tt14253846",nm0846369
nm0848414,Lee Tamahori,1950,\N,"director,assistant_director,sound_department","tt0110729,tt0435705,tt0246460,tt0119051",nm0848414
nm0849164,Loveleen Tandan,\N,\N,"casting_director,assistant_director,casting_department","tt0253177,tt0402399,tt1010048,tt0265343",nm0849164
nm0850601,Béla Tarr,1955,\N,"producer,director,miscellaneous","tt1316540,tt0095475,tt0111341,tt0249241",nm0850601
nm0850733,Genndy Tartakovsky,1970,\N,"producer,writer,director","tt10332508,tt0278238,tt0115157,tt1709198",nm0850733
nm0851537,Norman Taurog,1899,1981,"director,writer,miscellaneous","tt0029942,tt0045102,tt0022397,tt0029844",nm0851537
nm0851724,Bertrand Tavernier,1941,2021,"director,writer,producer","tt0071622,tt0186730,tt0088318,tt0115822",nm0851724
nm0851930,Alan Taylor,1965,\N,"director,producer,writer","tt0282768,tt1981115,tt1340138,tt0944947",nm0851930
nm0853238,Tate Taylor,1969,\N,"actor,producer,director","tt3631112,tt7958736,tt1454029,tt2473602",nm0853238
nm0858525,Betty Thomas,1947,\N,"actress,director,producer","tt0191754,tt0159879,tt0098519,tt0455967",nm0858525
nm0861703,Richard Thorpe,1896,1991,"director,writer,actor","tt0019519,tt0015852,tt0044760,tt0045966",nm0861703
nm0862211,Michael Thurmeier,\N,\N,"director,animation_department,writer","tt0268380,tt3416828,tt0137523,tt5814534",nm0862211
nm0862911,Greg Tiernan,1965,\N,"director,animation_department,art_department","tt0096787,tt1620981,tt1700841,tt0090633",nm0862911
nm0865918,Éric Toledano,1971,\N,"writer,producer,director","tt1404082,tt8655470,tt5699154,tt1675434",nm0865918
nm0868219,Guillermo del Toro,1964,\N,"writer,producer,director","tt0457430,tt0256009,tt0167190,tt5580390",nm0868219
nm0870469,Dan Trachtenberg,\N,\N,"music_department,director,writer","tt1179933,tt2085059,tt1190634,tt11866324",nm0870469
nm0871428,Pete Travis,\N,\N,"director,writer","tt2515034,tt1343727,tt0408056,tt0443274",nm0871428
nm0871860,Jeff Tremaine,1966,\N,"writer,producer,director","tt0800325,tt0322802,tt11466222,tt3063516",nm0871860
nm0875659,Antonio Tublen,\N,\N,"editor,composer,director","tt1261052,tt7624934,tt2660332",nm0875659
nm0878756,Tom Tykwer,1965,\N,"producer,writer,composer","tt1371111,tt0396171,tt4378376,tt0130827",nm0878756
nm0878763,Morten Tyldum,1967,\N,"director,producer,editor","tt0371589,tt1614989,tt2084970,tt1355644",nm0878763
nm0881279,Lee Unkrich,1967,\N,"editorial_department,editor,miscellaneous","tt0435761,tt2380307,tt0266543,tt0120363",nm0881279
nm0887351,Pino Van Lamsweerde,1940,2020,"animation_department,art_department,director","tt0082509,tt0085379,tt0417311,tt0090667",nm0887351
nm0891216,Matthew Vaughn,1971,\N,"producer,director,writer","tt0375912,tt2802144,tt1270798,tt1250777",nm0891216
nm0893659,Gore Verbinski,1964,\N,"director,producer,writer","tt0449088,tt1192628,tt0325980,tt4731136",nm0893659
nm0895048,Dziga Vertov,1896,1954,"director,writer,editor","tt0017376,tt0019760,tt0025911,tt2424298",nm0895048
nm0896542,King Vidor,1894,1982,"director,writer,producer","tt0019379,tt0018806,tt0019959,tt0022436",nm0896542
nm0897118,Jean Vigo,1905,1934,"writer,director,editor","tt0024803,tt0021576,tt0024844,tt12578730",nm0897118
nm0898288,Denis Villeneuve,1967,\N,"director,writer,editor","tt2543164,tt1255953,tt1160419,tt1856101",nm0898288
nm0899121,Thomas Vinterberg,1969,\N,"director,writer,actor","tt10288566,tt1322385,tt2106476,tt0154420",nm0899121
nm0905152,Lilly Wachowski,1967,\N,"writer,producer,director","tt0234215,tt1617661,tt0115736,tt0133093",nm0905152
nm0905154,Lana Wachowski,1965,\N,"writer,producer,director","tt1617661,tt0115736,tt0133093,tt0234215",nm0905154
nm0905592,Jeff Wadlow,1976,\N,"producer,writer,director","tt1542768,tt6772950,tt1650554,tt2188671",nm0905592
nm0906476,David Wain,1969,\N,"writer,actor,producer","tt0430922,tt1325113,tt0243655,tt9850952",nm0906476
nm0908824,Randall Wallace,1949,\N,"writer,producer,director","tt1028576,tt0277434,tt0112573,tt0213149",nm0908824
nm0914132,Mark Waters,1964,\N,"writer,miscellaneous","tt0821640,tt1022603,tt1686821,tt0416236",nm0914132
nm0915304,Scott Waugh,1970,\N,"stunts,producer,director","tt0295701,tt5503688,tt2369135,tt1591479",nm0915304
nm0917188,Chris Wedge,1957,\N,"actor,producer,director","tt0358082,tt1667889,tt0268380,tt0848537",nm0917188
nm0919363,Chris Weitz,1969,\N,"producer,writer,miscellaneous","tt0356910,tt3748528,tt0385752,tt0276751",nm0919363
nm0919369,Paul Weitz,1965,\N,"producer,writer,director","tt4270516,tt0450405,tt0276751,tt0385267",nm0919369
nm0922115,Jake West,1972,\N,"director,editor,cinematographer","tt1023500,tt0159693,tt1935896,tt0383353",nm0922115
nm0922346,Simon West,1961,\N,"producer,director,actor","tt2231253,tt0144214,tt0146316,tt0118880",nm0922346
nm0923736,Joss Whedon,1964,\N,"writer,producer,director","tt0848228,tt0162065,tt1259521,tt0118276",nm0923736
nm0924266,Harold Whitaker,1920,2013,"animation_department,director,art_department","tt1276882,tt0145613,tt0082509,tt0047834",nm0924266
nm0926911,Nick Wickham,\N,\N,"director,assistant_director,producer","tt4020156,tt4610094,tt6203902,tt6846238",nm0926911
nm0927468,Robert Wiene,1873,1938,"writer,director,producer","tt0010323,tt0007534,tt0199971,tt0017338",nm0927468
nm0930261,Chris Williams,1968,\N,"writer,actor,animation_department","tt0397892,tt3521164,tt2294629,tt2245084",nm0930261
nm0932055,James Williamson,1855,1933,"director,cinematographer,writer","tt0465763,tt0000273,tt0132534,tt0000355",nm0932055
nm0935664,Alex Winter,1965,\N,"actor,director,producer","tt4881578,tt14308574,tt1086064,tt3197274",nm0935664
nm0936482,Len Wiseman,1973,\N,"producer,writer,director","tt0401855,tt2647544,tt1386703,tt0320691",nm0936482
nm0936838,Alexander Witt,1952,\N,"camera_department,assistant_director,director","tt0258463,tt0318627,tt0381061,tt1340138",nm0936838
nm0938471,Jason Woliner,1980,\N,"director,producer,writer","tt2297757,tt7908628,tt13143964,tt1728860",nm0938471
nm0939128,James Wong,\N,\N,"producer,writer,miscellaneous","tt0267804,tt1844624,tt0112173,tt0106179",nm0939128
nm0939182,Kar-Wai Wong,1956,\N,"writer,director,producer","tt1462900,tt0109424,tt0212712,tt0118694",nm0939182
nm0942367,Edgar Wright,1974,\N,"director,writer,actor","tt1213663,tt0365748,tt9639470,tt3890160",nm0942367
nm0942504,Joe Wright,1972,\N,"director,producer,miscellaneous","tt0414387,tt0783233,tt4555426,tt0993842",nm0942504
nm0945026,Boaz Yakin,1966,\N,"writer,director,producer","tt0210945,tt0109842,tt10696784,tt10373830",nm0945026
nm0945981,Edward Yang,1947,2007,"writer,director,actor","tt0101985,tt0109685,tt0091355,tt0244316",nm0945981
nm0947087,Hoyt Yeatman,1955,\N,"visual_effects,director,writer","tt0091064,tt0120751,tt0436339,tt0096754",nm0947087
nm0950775,Jennifer Yuh Nelson,1972,\N,"art_department,animation_department,director","tt9561862,tt4073790,tt0441773,tt1302011",nm0950775
nm0951975,S. Craig Zahler,1973,\N,"writer,director,cinematographer","tt6491178,tt7985860,tt5657856,tt2494362",nm0951975
nm0953130,Krzysztof Zanussi,1939,\N,"director,writer,producer","tt0088009,tt0065043,tt0115996,tt0075730",nm0953130
nm0957505,Craig Zobel,\N,\N,"director,producer,writer","tt1971352,tt1598642,tt0826547,tt10155688",nm0957505
nm0957772,Rob Zombie,1965,\N,"soundtrack,writer,director","tt0373883,tt0395584,tt0462322,tt1731697",nm0957772
nm0958387,Jerry Zucker,1950,\N,"producer,writer,director","tt0088286,tt0080339,tt0099653,tt0083466",nm0958387
nm0958558,Andrzej Zulawski,1940,2016,"writer,director,actor","tt0204761,tt0087250,tt4035268,tt0082933",nm0958558
nm0958801,Valerio Zurlini,1926,1982,"writer,director,miscellaneous","tt0052786,tt0059732,tt0056966,tt0074400",nm0958801
nm0958969,Harald Zwart,1965,\N,"director,producer,writer","tt0313911,tt1538403,tt3300980,tt1613750",nm0958969
nm0959774,Jonas Åkerlund,1965,\N,"director,editor,writer","tt4669296,tt0348255,tt4139588",nm0959774
nm0960028,Katsuhiro Ôtomo,1954,\N,"writer,director,animation_department","tt0348121,tt0113799,tt0094625,tt0103286",nm0960028
nm0962729,Brian Taylor,\N,\N,"writer,producer,director","tt5462326,tt2452242,tt1121931,tt0479884",nm0962729
nm0970447,Conrad Vernon,1968,\N,"actor,producer,animation_department","tt0892782,tt0126029,tt0298148,tt1700841",nm0970447
nm0970606,Cody Cameron,1970,\N,"actor,miscellaneous,director","tt0413267,tt0126029,tt0298148,tt1985966",nm0970606
nm0971239,Simon J. Smith,\N,\N,"producer,director,actor","tt0389790,tt0298148,tt0126029,tt1911658",nm0971239
nm0994529,Thomas C. Grane,\N,\N,"producer,director,miscellaneous","tt0342776,tt0864969,tt1599280,tt1124037",nm0994529
nm1012501,Rupert Wyatt,1972,\N,"producer,director,writer","tt11041132,tt0961728,tt1318514,tt5968394",nm1012501
nm1016428,James Marsh,1963,\N,"director,producer,actor","tt2980516,tt0396688,tt1770734,tt0210389",nm1016428
nm1017958,Evgeny Afineevsky,1972,\N,"producer,director,cinematographer","tt21376776,tt12356510,tt6319654,tt4908644",nm1017958
nm1024677,John Krasinski,1979,\N,"actor,producer,writer","tt5057054,tt6644200,tt8332922,tt0386676",nm1024677
nm1027986,Julian Barratt,1968,\N,"actor,writer,soundtrack","tt1804497,tt0416394,tt0426654,tt4799064",nm1027986
nm1032521,Lorene Scafaria,\N,\N,"producer,writer,actress","tt4501454,tt1307068,tt2866360,tt5503686",nm1032521
nm1049433,Lenny Abrahamson,1966,\N,"producer,director,writer","tt9059760,tt3170832,tt1605717,tt0419420",nm1049433
nm1052791,Pascal Laugier,1971,\N,"director,writer,actor","tt1029234,tt0237534,tt6195094,tt1658837",nm1052791
nm1053530,Tom Ford,1961,\N,"director,costume_designer,producer","tt4550098,tt1315981,tt0830515,tt0196229",nm1053530
nm1059740,Parkpoom Wongpoom,1978,\N,"writer,director,cinematographer","tt1292575,tt0440803,tt9021140,tt0484090",nm1059740
nm1068186,M.J. Bassett,\N,\N,"director,producer,writer","tt3281796,tt4189022,tt1492179,tt0970452",nm1068186
nm1072411,Veronika Franz,1965,\N,"writer,director,assistant_director","tt3086442,tt6688354,tt2371824,tt7347846",nm1072411
nm1083864,Scot McFadyen,\N,\N,"producer,music_department,director","tt0478209,tt3228830,tt1545103,tt4130418",nm1083864
nm1085552,C.B. Harding,\N,\N,"director,producer,writer","tt1891770,tt0800003,tt0383562,tt0197644",nm1085552
nm1089963,Heather Hawthorn Doyle,\N,\N,"producer,director,writer","tt19316140,tt14843920,tt21617068,tt15215420",nm1089963
nm1093039,Mike Flanagan,1978,\N,"writer,producer,editor","tt10574558,tt3748172,tt5606664,tt6763664",nm1093039
nm1099918,Jeremy Saulnier,1976,\N,"camera_department,cinematographer,director","tt4062536,tt0465431,tt0878695,tt2359024",nm1099918
nm1103162,Tim Story,1970,\N,"director,producer,actor","tt0120667,tt1621045,tt0303714,tt0316732",nm1103162
nm1104118,Kim Ki-duk,1960,2020,"writer,director,producer","tt2299842,tt0423866,tt0255589,tt0374546",nm1104118
nm1108007,David Lowery,1980,\N,"editor,producer,director","tt9243804,tt6265828,tt2788732,tt2837574",nm1108007
nm1108556,Boots Riley,1971,\N,"soundtrack,actor,director","tt13649510,tt0480255,tt0829482,tt5688932",nm1108556
nm1135423,Darren Lynn Bousman,1979,\N,"director,producer,writer","tt0963194,tt1480285,tt10342730,tt0432348",nm1135423
nm1139726,Neil Burger,1963,\N,"producer,director,writer","tt0308411,tt1840309,tt1987680,tt0443543",nm1139726
nm1148550,Ava DuVernay,1972,\N,"producer,writer,miscellaneous","tt1211890,tt4419214,tt7137906,tt1020072",nm1148550
nm1152178,Robert Morgan,1974,\N,"director,writer,animation_department","tt0421245,tt2006697,tt2926810,tt0371596",nm1152178
nm1154836,Enrico Casarosa,1971,\N,"art_department,animation_department,director","tt0317219,tt3606756,tt12801262,tt0358082",nm1154836
nm1156199,Alex Ranarivelo,\N,\N,"director,writer,editor","tt7370952,tt10661710,tt6102104,tt4303202",nm1156199
nm1164861,Seth Gordon,\N,\N,"producer,director,miscellaneous","tt2120120,tt0923752,tt13320622,tt0384286",nm1164861
nm1167933,Damián Szifron,1975,\N,"producer,editor,writer","tt3011894,tt0316613,tt0322298,tt0462570",nm1167933
nm1170339,Julius Avery,\N,\N,"director,writer,editor","tt1232785,tt2452200,tt4530422,tt2366035",nm1170339
nm1177494,David Wnendt,1977,\N,"director,writer,producer","tt1890373,tt4176826,tt13273800,tt2524674",nm1177494
nm1179870,Daniel Rezende,1975,\N,"director,editor,producer","tt0317248,tt1555149,tt0861739,tt0478304",nm1179870
nm1191481,Leigh Whannell,1977,\N,"actor,writer,producer","tt2490326,tt6499752,tt0387564,tt1051906",nm1191481
nm1197971,Marcus Nispel,1963,\N,"director,producer,writer","tt0446013,tt0324216,tt0758746,tt0368891",nm1197971
nm1199107,Zach Cregger,1981,\N,"actor,producer,writer","tt15791034,tt0840979,tt14035948,tt4168956",nm1199107
nm1206844,Drew Goddard,1975,\N,"producer,writer,director","tt3659388,tt1259521,tt6628394,tt0411008",nm1206844
nm1218281,Jon Watts,1981,\N,"director,producer,writer","tt0203119,tt3813310,tt2250912,tt1717499",nm1218281
nm1224299,Rob Letterman,\N,\N,"writer,director,producer","tt5884052,tt0892782,tt1051904,tt0307453",nm1224299
nm1229323,Jon Wright,1971,\N,"director,writer","tt1100053,tt1525366,tt12447796,tt2145829",nm1229323
nm1244603,Peter Foott,\N,\N,"writer,producer,director","tt0424882,tt7988304,tt4714568",nm1244603
nm1255286,Benjamin Weill,\N,\N,"editor,editorial_department,director","tt0364970,tt4131240,tt1545759,tt15445056",nm1255286
nm1258686,Joachim Trier,1974,\N,"director,writer,soundtrack","tt2217859,tt6304046,tt0827517,tt10370710",nm1258686
nm1289234,Marvin Kren,1980,\N,"director,writer,producer","tt1583356,tt2299206,tt5754602,tt8667956",nm1289234
nm1294036,Nima Nourizadeh,1977,\N,"director,editor,writer","tt7661390,tt3316948,tt1636826,tt8000674",nm1294036
nm1296554,Ben Wheatley,1972,\N,"director,writer,producer","tt2023690,tt1788391,tt0462335,tt4158096",nm1296554
nm1302165,René Sampaio,1974,\N,"producer,director,writer","tt8747460,tt0348039,tt1869416,tt9070896",nm1302165
nm1312575,Olivia Wilde,1984,\N,"actress,producer,director","tt2918436,tt1104001,tt10731256,tt0790628",nm1312575
nm1318596,Jemaine Clement,1974,\N,"actor,writer,soundtrack","tt0863046,tt1409024,tt3416742,tt3521164",nm1318596
nm1343394,Josh Safdie,1984,\N,"director,writer,producer","tt1189259,tt5727208,tt4846232,tt1426362",nm1343394
nm1349376,Francis Lawrence,1971,\N,"director,producer,writer","tt1951264,tt1951265,tt0360486,tt0480249",nm1349376
nm1364086,Radu Muntean,1971,\N,"director,writer,actor","tt1470024,tt4620316,tt1132578,tt0819895",nm1364086
nm1375358,Jon Hurwitz,1977,\N,"writer,producer,director","tt2531344,tt1605630,tt7221388,tt0366551",nm1375358
nm1376383,Hayden Schlossberg,1978,\N,"writer,producer,director","tt1268799,tt0366551,tt7221388,tt0481536",nm1376383
nm1379002,David Robert Mitchell,1974,\N,"writer,director,producer","tt3235888,tt1174042,tt12362308,tt5691670",nm1379002
nm1381769,Péter Szoboszlay,1937,\N,"animation_department,writer,director","tt3003856,tt0121431,tt3466156,tt1255454",nm1381769
nm1391924,Gustavo Taretto,1965,\N,"director,writer,producer","tt3864916,tt0455622,tt1235841,tt1091781",nm1391924
nm1402202,Julian Gilbey,\N,\N,"director,writer,editor","tt1422136,tt0437459,tt0901507,tt2926810",nm1402202
nm1410159,David Bruckner,\N,\N,"director,writer,producer","tt9731534,tt2105044,tt4935334,tt5638642",nm1410159
nm1414582,Ben Palmer,\N,\N,"director,producer,writer","tt1220617,tt3064298,tt1716772,tt8129450",nm1414582
nm1414810,E.L. Katz,1981,\N,"producer,director,writer","tt5717492,tt1110059,tt10970552,tt2389182",nm1414810
nm1417392,Adam Wingard,1982,\N,"director,editor,cinematographer","tt2105044,tt1853739,tt5034838,tt2980592",nm1417392
nm1429471,Jaume Collet-Serra,1974,\N,"director,producer","tt0397065,tt4052882,tt1401152,tt1148204",nm1429471
nm1443023,Nacho Vigalondo,1977,\N,"writer,actor,director","tt0480669,tt0406501,tt4680182,tt1680133",nm1443023
nm1443502,Jordan Peele,1979,\N,"actor,writer,producer","tt6857112,tt5052448,tt4139124,tt10954984",nm1443502
nm1458734,Ciro Guerra,1981,\N,"director,writer,producer","tt0382308,tt6386748,tt1426374,tt4285496",nm1458734
nm1481493,Gil Kenan,1976,\N,"director,writer,producer","tt0970411,tt0385880,tt1029360,tt4513678",nm1481493
nm1486025,Alejandro Brugués,1976,\N,"director,writer,producer","tt2926810,tt7349910,tt3337194,tt1838571",nm1486025
nm1488800,Ti West,1980,\N,"director,writer,editor","tt13560574,tt1594562,tt2383068,tt1172994",nm1488800
nm1490123,James Wan,1977,\N,"producer,writer,director","tt2820852,tt0387564,tt1477834,tt3065204",nm1490123
nm1503403,Shane Carruth,1972,\N,"composer,actor,producer","tt6265828,tt3410834,tt0390384,tt2084989",nm1503403
nm1503575,Barry Jenkins,1979,\N,"producer,director,writer","tt6704972,tt7125860,tt4975722,tt1133989",nm1503575
nm1509478,Benny Safdie,1986,\N,"actor,director,writer","tt2184293,tt5727208,tt4846232,tt1426362",nm1509478
nm1512910,Duncan Jones,1971,\N,"director,writer,producer","tt1464763,tt1182345,tt0945513,tt0803096",nm1512910
nm1515795,Lisanne Pajot,\N,\N,"producer,director,cinematographer","tt14210872,tt1942884,tt5998218,tt8545328",nm1515795
nm1519639,Adam Nee,1981,\N,"actor,writer,director","tt0427340,tt4048668,tt13320622",nm1519639
nm1535916,Harold Hayes Jr.,\N,\N,"producer,writer,editor","tt15940616,tt1765510,tt5870260,tt2788518",nm1535916
nm1556070,Brad Ableson,1975,\N,"animation_department,writer,director","tt5113044,tt0096697,tt1701982,tt5126414",nm1556070
nm1557577,Baron Davis,1979,\N,"producer,actor,director","tt4462166,tt10160896,tt1232200,tt3530002",nm1557577
nm1560977,Cary Joji Fukunaga,1977,\N,"producer,director,writer","tt5580146,tt1365050,tt2382320,tt1127715",nm1560977
nm1580671,Jon S. Baird,1972,\N,"director,producer,writer","tt3385524,tt1450321,tt3186130,tt12758060",nm1580671
nm1601882,Phil Johnston,1971,\N,"writer,producer,actor","tt1772341,tt5848272,tt2948356,tt3381008",nm1601882
nm1602528,Matt Peters,\N,\N,"art_department,animation_department,director","tt5012504,tt0448115,tt1361336,tt4853102",nm1602528
nm1618276,Luis Piedrahita,1977,\N,"writer,director,actor","tt1016301,tt0380281,tt0762125,tt0490531",nm1618276
nm1633015,Michel Franco,1979,\N,"producer,director,writer","tt6397762,tt2368749,tt12474056,tt3850496",nm1633015
nm1671995,Jim Hosking,\N,\N,"director,writer,composer","tt6518270,tt7768840,tt4381236,tt2926810",nm1671995
nm1676223,Akiva Schaffer,1977,\N,"writer,director,producer","tt0072562,tt1490017,tt1189007,tt3960412",nm1676223
nm1698571,Evan Goldberg,1982,\N,"producer,writer,director","tt1700841,tt1456635,tt0829482,tt1245492",nm1698571
nm1706767,Jonah Hill,1983,\N,"actor,producer,writer","tt0993846,tt1232829,tt2294449,tt1210166",nm1706767
nm1720541,David Slade,1969,\N,"producer,director,writer","tt1325004,tt0424136,tt9495224,tt0389722",nm1720541
nm1720648,Damon Beesley,1971,\N,"producer,writer,director","tt0863046,tt1220617,tt1716772,tt3097204",nm1720648
nm1729303,Marcus Dunstan,\N,\N,"writer,director,producer","tt0844479,tt0426459,tt3387520,tt1748227",nm1729303
nm1730404,Sôichi Umezawa,\N,\N,"make_up_department,special_effects,director","tt2926810,tt11056006,tt9838980,tt7026370",nm1730404
nm1731937,Alex Kendrick,1970,\N,"actor,writer,producer","tt0805526,tt0425027,tt1129423,tt1630036",nm1731937
nm1732981,Martin McDonagh,1970,\N,"writer,director,producer","tt1931533,tt11813216,tt5027774,tt0780536",nm1732981
nm1737383,Jessica Joy Wise,\N,\N,"producer,director,miscellaneous","tt1086390,tt1086286,tt2415688,tt1086317",nm1737383
nm1738698,Laís Bodanzky,1969,\N,"director,producer,writer","tt5631456,tt0977642,tt1054677,tt9225812",nm1738698
nm1760830,Kyle Newacheck,1984,\N,"writer,producer,director","tt3317234,tt1618434,tt1610527,tt7908628",nm1760830
nm1783265,Tim Miller,1964,\N,"producer,writer,director","tt0425410,tt9561862,tt6450804,tt1431045",nm1783265
nm1793079,Fede Alvarez,1978,\N,"writer,producer,director","tt4160708,tt6246322,tt5177088,tt1288558",nm1793079
nm1802294,Banjong Pisanthanakun,1979,\N,"writer,director,actor","tt13446168,tt0440803,tt1725995,tt0484090",nm1802294
nm1805204,Fellipe Barbosa,1980,\N,"director,editor,writer","tt0923885,tt6805354,tt9025112,tt3474994",nm1805204
nm1837748,Josh Boone,1979,\N,"writer,producer,director","tt4682266,tt2582846,tt1831804",nm1837748
nm1844237,Chris Miller,1968,\N,"actor,animation_department,director","tt1277953,tt0413267,tt1911658,tt0448694",nm1844237
nm1847711,David Morley,\N,\N,"director,writer,producer","tt0449628,tt7349016,tt2348394,tt1146320",nm1847711
nm1853544,Pierre Coffin,1967,\N,"director,writer,actor","tt2293640,tt1690953,tt1323594,tt3469046",nm1853544
nm1854288,Chris Nash,\N,\N,"special_effects,director,writer","tt4255304,tt2104065,tt2926810,tt7188978",nm1854288
nm1879589,Nelson McCormick,\N,\N,"director,producer,writer","tt0926129,tt4209256,tt0814335,tt0455275",nm1879589
nm1883583,Yoshihiro Nishimura,1967,\N,"make_up_department,special_effects,producer","tt6063024,tt1183732,tt1935896,tt0153161",nm1883583
nm1887480,Aaron Nee,\N,\N,"animation_department,director,art_department","tt4048668,tt0497401,tt0427340,tt13320622",nm1887480
nm1890845,Sean Anders,\N,\N,"writer,director,producer","tt7401588,tt5657846,tt1528854,tt1232200",nm1890845
nm1924019,Rodrigo Sopeña,1977,\N,"writer,director,editorial_department","tt10498178,tt3373958,tt0762125,tt1016301",nm1924019
nm1939445,Tim Postins,1975,\N,"producer,writer,director","tt6182460,tt15673368,tt1946864,tt1942157",nm1939445
nm1950086,Greta Gerwig,1983,\N,"actress,writer,producer","tt2872462,tt2347569,tt1234654,tt4925292",nm1950086
nm1977355,Nathan Greno,1975,\N,"actor,art_department,director","tt0398286,tt2112281,tt2245084,tt0396555",nm1977355
nm1980431,Michael Chaves,\N,\N,"director,writer,visual_effects","tt7069210,tt4913966,tt5282528,tt5192436",nm1980431
nm1989536,Marc Webb,1974,\N,"producer,director,writer","tt4481414,tt1022603,tt0948470,tt4094300",nm1989536
nm2023590,Kevin Phillips,\N,\N,"cinematographer,camera_department,director","tt4627174,tt5112578,tt11616194",nm2023590
nm2030556,Barry Battles,\N,\N,"director,writer,editor","tt6135826,tt8095034,tt1836944",nm2030556
nm2093171,Damien Leone,\N,\N,"special_effects,make_up_department,director","tt4281724,tt2018130,tt3295482,tt10403420",nm2093171
nm2101710,Lancelot Oduwa Imasuen,1971,\N,"actor,director,producer","tt15701484,tt2926810,tt1776933,tt15964934",nm2101710
nm2105129,Angelo Defanti,1983,\N,"writer,director,producer","tt2299377,tt2333330,tt7554982,tt8608144",nm2105129
nm2125482,Chloé Zhao,1982,\N,"writer,director,producer","tt6217608,tt9032400,tt3566788,tt9770150",nm2125482
nm2128335,J Blakeson,\N,\N,"director,writer,producer","tt2304933,tt1379177,tt6128262,tt9893250",nm2128335
nm2130108,Bob Persichetti,\N,\N,"animation_department,art_department,director","tt4633694,tt0298148,tt1754656,tt0448694",nm2130108
nm2149571,Adamo P. Cultraro,1973,\N,"producer,director,writer","tt1193473,tt1458915,tt1540784,tt1412542",nm2149571
nm2153088,Gareth Evans,\N,\N,"producer,writer,director","tt2450186,tt1899353,tt6217306,tt2265171",nm2153088
nm2161504,Craig Phillips,\N,\N,"writer,producer,editor","tt1236486,tt0382488,tt10288076,tt1547129",nm2161504
nm2207625,Kleber Mendonça Filho,1968,\N,"director,writer,editor","tt2190367,tt5221584,tt1817292,tt2762506",nm2207625
nm2289860,Juliano Dornelles,\N,\N,"production_designer,producer,director","tt4009834,tt2417774,tt5221584,tt2762506",nm2289860
nm2293201,Marcos Jorge,\N,\N,"writer,director,camera_department","tt15685142,tt12076024,tt1039960,tt2116973",nm2293201
nm2305431,Oren Peli,\N,\N,"producer,writer,director","tt1179904,tt1836195,tt1991245,tt1519461",nm2305431
nm2320658,Don Hall,1969,\N,"writer,director,animation_department","tt2245084,tt0396555,tt1449283,tt5109280",nm2320658
nm2333129,Ireneusz Dobrowolski,1964,\N,"director,writer,actor","tt1972740,tt1278419,tt9316022,tt0828105",nm2333129
nm2341611,Jeff Orlowski-Yang,1984,\N,"camera_department,producer,cinematographer","tt6333054,tt0945345,tt11464826,tt1579361",nm2341611
nm2366012,Matt Bettinelli-Olpin,\N,\N,"actor,director,producer","tt4935334,tt7798634,tt11245972,tt2105044",nm2366012
nm2375643,Yoann-Karl Whissell,\N,\N,"actor,writer,director","tt3672742,tt5774450,tt6105136,tt6097798",nm2375643
nm2376614,Alexandre Bustillo,1975,\N,"writer,director","tt11686490,tt2926810,tt0856288,tt2473750",nm2376614
nm2377436,Anouk Whissell,\N,\N,"writer,director,actress","tt2622540,tt5774450,tt3672742,tt2622504",nm2377436
nm2377660,Julien Maury,\N,\N,"writer,director,cinematographer","tt2926810,tt0856288,tt11686490,tt2473750",nm2377660
nm2379331,François Simard,\N,\N,"director,writer,actor","tt6097798,tt5774450,tt6105136,tt3672742",nm2379331
nm2406731,Bryan Fogel,\N,\N,"director,producer,writer","tt6333060,tt7235270,tt11382384,tt0878814",nm2406731
nm2410311,Dean Israelite,1984,\N,"director,writer,producer","tt1391559,tt3717490,tt2436386,tt11947264",nm2410311
nm2419470,Tyler Gillett,\N,\N,"cinematographer,director,camera_department","tt2085061,tt2105044,tt11245972,tt7798634",nm2419470
nm2482088,Tommy Wirkola,1979,\N,"writer,director,actor","tt1536537,tt2832470,tt1428538,tt1278340",nm2482088
nm2499666,James Swirsky,\N,\N,"director,cinematographer,editor","tt1942884,tt0860922,tt14210872,tt5998218",nm2499666
nm2530291,Evan Morgan,\N,\N,"writer,director,actor","tt1798091,tt8980602,tt2334896,tt1946463",nm2530291
nm2577199,Chris Peckover,\N,\N,"director,writer,producer","tt4443658,tt1468381",nm2577199
nm2585406,Simon McQuoid,\N,\N,"director,producer",tt0293429,nm2585406
nm2596725,David Blue Garcia,\N,\N,"cinematographer,camera_department,producer","tt8257900,tt12070050,tt11755740,tt7208564",nm2596725
nm2609807,Kelly Fremon Craig,\N,\N,"writer,producer,director","tt1878870,tt1142433,tt9185206,tt0999896",nm2609807
nm2610231,Zal Batmanglij,\N,\N,"writer,director,producer","tt15227418,tt1869716,tt4635282,tt1748207",nm2610231
nm2618764,Gerard McMurray,\N,\N,"director,producer,writer","tt6133466,tt1887675,tt2334649,tt5826432",nm2618764
nm2629172,Aaron Aites,\N,2016,"director,editorial_department,producer","tt2201488,tt1785612,tt1014809,tt4282808",nm2629172
nm2639032,Jason Eisener,\N,\N,"director,producer,writer","tt3672742,tt9159144,tt2450186,tt1640459",nm2639032
nm2648685,Mike Cahill,1979,\N,"visual_effects,editor,director","tt1549572,tt2884206,tt0435609,tt10333426",nm2648685
nm2674307,Patrick Brice,1983,\N,"director,writer,actor","tt1862079,tt3844362,tt3654796,tt2428170",nm2674307
nm2676052,Joseph Kosinski,1974,\N,"director,writer,producer","tt1483013,tt1745960,tt3829920,tt1104001",nm2676052
nm2725627,Steven Kostanski,\N,\N,"make_up_department,director,producer","tt1535616,tt4255304,tt11252440,tt1727261",nm2725627
nm2782185,Rupert Sanders,1971,\N,"director,writer,producer","tt1340094,tt1735898,tt1219827,tt2193628",nm2782185
nm2816668,Matthew Robinson,1978,\N,"writer,director,actor","tt2222042,tt7547410,tt5617712,tt1058017",nm2816668
nm2896727,Michael White Jr.,\N,\N,"director,actor,writer","tt10288076,tt5870260,tt1236486,tt2091286",nm2896727
nm2942187,Darius Marder,\N,\N,"editorial_department,writer,editor","tt1817273,tt5363618,tt3283588,tt1246588",nm2942187
nm2970236,Cody Calahan,\N,\N,"producer,art_director,camera_department","tt5810122,tt11778118,tt10743534,tt2772092",nm2970236
nm2985800,Doug Robert Brown,1983,\N,"producer,director,writer","tt7954282,tt1220877,tt3576004,tt11078750",nm2985800
nm3009132,Jerome Sable,\N,\N,"director,writer,producer","tt1632641,tt2926810,tt1405781,tt2190838",nm3009132
nm3042028,Bruno Samper,\N,\N,"writer,director,miscellaneous","tt20225374,tt2208216,tt2926810,tt1245721",nm3042028
nm3043504,Kristina Buozyte,1982,\N,"director,writer,producer","tt2208216,tt2926810,tt1245721,tt20225374",nm3043504
nm3102998,Bo Burnham,1990,\N,"actor,writer,soundtrack","tt9620292,tt7014006,tt5462602,tt14544192",nm3102998
nm3125415,Kimo Stamboel,\N,\N,"director,producer,writer","tt1447791,tt10656188,tt1454454,tt2409300",nm3125415
nm3189793,Alexandros Avranas,\N,\N,"director,writer,producer","tt1321505,tt1901024,tt6280810,tt3078242",nm3189793
nm3211470,Robert Eggers,1983,\N,"production_designer,director,writer","tt1330057,tt4263482,tt11138512,tt7984734",nm3211470
nm3215397,Daniel Scheinert,1987,\N,"director,actor,miscellaneous","tt6710474,tt9356952,tt4034354",nm3215397
nm3227090,Damien Chazelle,1985,\N,"producer,writer,director","tt2582802,tt3783958,tt1179933,tt1213641",nm3227090
nm3230448,Tom Gormican,\N,\N,"writer,producer,director","tt6053538,tt1800246",nm3230448
nm3304468,John Maclean,\N,\N,"soundtrack,director,writer","tt0146882,tt3205376,tt1950304,tt1403981",nm3304468
nm3311094,Keishi Otomo,\N,\N,"director,writer","tt0956322,tt3029556,tt1979319,tt3029558",nm3311094
nm3360961,Jorge Blanco,\N,\N,"director,writer,visual_effects","tt0111920,tt0762125,tt0390699,tt2857458",nm3360961
nm3363032,Ryan Coogler,1986,\N,"producer,writer,director","tt9784798,tt3076658,tt1825683,tt2334649",nm3363032
nm3371961,Javier Abad,\N,\N,"director,writer,actor","tt5040624,tt19626050,tt7214954,tt0762125",nm3371961
nm3453283,Dan Kwan,1988,\N,"director,actor,writer","tt11394330,tt6710474,tt4034354",nm3453283
nm3462228,Blake Freeman,\N,\N,"writer,director,producer","tt1893400,tt2312184,tt1884369,tt1612317",nm3462228
nm3464186,Timo Tjahjanto,\N,\N,"writer,director,producer","tt8765496,tt2409300,tt6116856,tt2450186",nm3464186
nm3483756,Marcos Martínez,\N,\N,"director,writer,animation_department","tt0111920,tt0762125,tt2857458,tt6428676",nm3483756
nm3522076,Aharon Keshales,1976,\N,"writer,director,editor","tt11284502,tt2309224,tt8368408,tt1754000",nm3522076
nm3525467,Petra Costa,1983,\N,"producer,director,writer","tt4160256,tt1471212,tt6016744,tt2475154",nm3525467
nm3609300,Sylvia Soska,1983,\N,"actress,director,writer","tt3106120,tt4787000,tt5628902,tt1959332",nm3609300
nm3609341,Jen Soska,1983,\N,"actress,director,writer","tt3106120,tt5628902,tt1959332,tt4787000",nm3609341
nm3628491,Danilo Gentili,1979,\N,"writer,miscellaneous,actor","tt8753660,tt12093106,tt4240728,tt6791886",nm3628491
nm3646390,Jonathan del Val,\N,\N,"animation_department,director","tt1690953,tt1482459,tt1323594,tt5113044",nm3646390
nm3771823,Daniel Goldhaber,\N,\N,"director,writer,producer","tt21440780,tt2989574,tt8361028,tt2282864",nm3771823
nm3792134,Aneesh Chaganty,\N,\N,"writer,director,producer","tt2191118,tt8633478,tt7668870,tt10855768",nm3792134
nm3868633,Severin Fiala,1985,\N,"writer,director,actor","tt9000184,tt3086442,tt7347846,tt5618554",nm3868633
nm3950520,Jason Howden,\N,\N,"visual_effects,director,writer","tt0120737,tt0848228,tt6902676,tt3705412",nm3950520
nm4014166,Cathy Yan,\N,\N,"director,producer,writer","tt4874494,tt7476810,tt7713068,tt7660850",nm4014166
nm4055378,Hajime Ohata,\N,\N,"director,writer,editor","tt2285481,tt2926810,tt2424424,tt3763830",nm4055378
nm4074404,Leigh Janiak,1980,\N,"director,writer,miscellaneous","tt6566576,tt3177316,tt9701942,tt9701940",nm4074404
nm4142927,Navot Papushado,1980,\N,"writer,director,editor","tt2309224,tt1754000,tt8368408",nm4142927
nm4170048,Ari Aster,1986,\N,"director,writer,actor","tt13521006,tt8772262,tt7784604,tt1772398",nm4170048
nm4469445,Julia Ducournau,1983,\N,"director,writer,script_department","tt8068860,tt1937202,tt4954522,tt10944760",nm4469445
nm4775561,Jeffrey Eugene Hoch,\N,\N,"director,writer,editor","tt2382011,tt2112986",nm4775561
nm4958428,Christina Sotta,\N,\N,"art_department,director,animation_department","tt11079148,tt1641384,tt7658402,tt13676256",nm4958428
nm5106831,Michael Rianda,1984,\N,"miscellaneous,actor,writer","tt2735474,tt1865718,tt7979580,tt2735464",nm5106831
nm5205122,Simon Klose,1975,\N,"cinematographer,producer,director","tt5009270,tt6881322,tt2608732,tt6607730",nm5205122
nm5255757,Karim Amer,\N,\N,"producer,director,writer","tt15131600,tt4736550,tt2486682,tt11581682",nm5255757
nm5278146,Aaron Hann,\N,\N,"director,writer,cinematographer","tt2401798,tt3118452",nm5278146
nm5278427,Mario Miscione,\N,\N,"producer,writer,director","tt13372944,tt2401798,tt3118452,tt5600406",nm5278427
nm5358492,Kemp Powers,\N,\N,,"tt2948372,tt10612922,tt5700106,tt5171438",nm5358492
nm5396854,Jeon Go-Woon,\N,\N,"writer,director,producer","tt3587834,tt8191502,tt10027990,tt2556228",nm5396854
nm5577948,Steven V. Vasquez Jr.,\N,\N,"producer,director,editorial_department","tt12186860,tt12187178,tt12634172,tt9389546",nm5577948
nm5820154,Ilya Naishuller,1983,\N,"director,producer,writer","tt7888964,tt3072482",nm5820154
nm6247887,David Sandberg,\N,\N,"director,actor,writer","tt3472226,tt5765844,tt6197070",nm6247887
nm6394566,Adirley Queirós,\N,\N,"director,writer,producer","tt7173890,tt17550726,tt3634636,tt4287610",nm6394566
nm6470216,Mimi Cave,\N,\N,"director,writer,art_director","tt4730120,tt13403046,tt3045628",nm6470216
nm6676487,Jeff Rowe,\N,\N,"writer,director,actor","tt8589698,tt7979580,tt5363918,tt1865718",nm6676487
nm6682860,Leonardo Liberti,\N,\N,"director,writer","tt8134134,tt13066430",nm6682860
nm7441402,Todd William Nelson,\N,\N,"director,writer,miscellaneous","tt0092416,tt0412797,tt0286184,tt0137223",nm7441402
nm7681231,Emma Seligman,\N,\N,"director,writer,producer","tt17527468,tt11317142,tt14500910,tt7819110",nm7681231
nm8060038,Wolfgang Matzl,\N,\N,"visual_effects,director,animation_department","tt2926810,tt5647758,tt6798320,tt3977848",nm8060038
nm9054338,Steve Hickner,\N,\N,"art_department,animation_department,director","tt0120794,tt0389790,tt0112453,tt0097757",nm9054338
nm9451696,Andrew Patterson,\N,\N,"director,writer,editor",tt6803046,nm9451696
nm9478963,Thiago Foresti,\N,\N,"director,writer,editor","tt12326778,tt7733222,tt12726180,tt12756398",nm9478963
nm9698697,Vini Videla,\N,\N,"assistant_director,director","tt21932692,tt3013322,tt15763012,tt7895652",nm9698697
nm9921365,Carl Reid,\N,\N,"writer,producer,director","tt8656268,tt10160896,tt12922164,tt9178376",nm9921365
